10,1,3,,5,6,7,8,9,10
NPS,DN(Ref),OD,Wall Thk,Mass,XS,Schedule,water,total ,unit
[Note (1)],Note 2,mm,mm,kg/m,or XXS,No,kg/m,kg/m,kg/m
0+1/8,6,10.3,1.24,0.28,,10,0.04,0.32,kg/m
0+1/8,6,10.3,1.45,0.32,,30,0.04,0.36,kg/m
0+1/8,6,10.3,1.73,0.37,STD,40,0.03,0.4,kg/m
0+1/8,6,10.3,2.41,0.47,XS,80,0.02,0.49,kg/m
0+1/4,8,13.7,1.65,0.49,,10,0.08,0.57,kg/m
0+1/4,8,13.7,1.85,0.54,,30,0.07,0.61,kg/m
0+1/4,8,13.7,2.24,0.63,STD,40,0.06,0.69,kg/m
0+1/4,8,13.7,3.02,0.8,XS,80,0.04,0.84,kg/m
0+3/8,10,17.1,1.65,0.63,,10,0.14,0.77,kg/m
0+3/8,10,17.1,1.85,0.7,,30,0.14,0.84,kg/m
0+3/8,10,17.1,2.31,0.84,STD,40,0.12,0.96,kg/m
0+3/8,10,17.1,3.2,1.1,XS,80,0.08,1.18,kg/m
0+1/2,15,21.3,1.65,0.8,,5,0.25,1.05,kg/m
0+1/2,15,21.3,2.11,1,,10,0.22,1.22,kg/m
0+1/2,15,21.3,2.41,1.12,,30,0.21,1.33,kg/m
0+1/2,15,21.3,2.77,1.27,STD,40,0.19,1.46,kg/m
0+1/2,15,21.3,3.73,1.62,XS,80,0.15,1.77,kg/m
0+1/2,15,21.3,4.78,1.95,,160,0.1,2.05,kg/m
0+1/2,15,21.3,7.47,2.55,XXS,,0.03,2.58,kg/m
0+3/4,20,26.7,1.65,1.03,,5,0.42,1.45,kg/m
0+3/4,20,26.7,2.11,1.28,,10,0.39,1.67,kg/m
0+3/4,20,26.7,2.41,1.44,,30,0.37,1.81,kg/m
0+3/4,20,26.7,2.87,1.69,STD,40,0.34,2.03,kg/m
0+3/4,20,26.7,3.91,2.2,XS,80,0.27,2.47,kg/m
0+3/4,20,26.7,5.56,2.9,,160,0.19,3.09,kg/m
0+3/4,20,26.7,7.82,3.64,XXS,,0.09,3.73,kg/m
1,25,33.4,1.65,1.29,,5,0.71,2,kg/m
1,25,33.4,2.77,2.09,,10,0.6,2.69,kg/m
1,25,33.4,2.9,2.18,,30,0.59,2.77,kg/m
1,25,33.4,3.38,2.5,STD,40,0.55,3.05,kg/m
1,25,33.4,4.55,3.24,XS,80,0.46,3.7,kg/m
1,25,33.4,6.35,4.24,,160,0.33,4.57,kg/m
1,25,33.4,9.09,5.45,XXS,,0.18,5.63,kg/m
1+1/4,32,42.2,1.65,1.65,,5,1.18,2.83,kg/m
1+1/4,32,42.2,2.77,2.69,,10,1.05,3.74,kg/m
1+1/4,32,42.2,2.97,2.87,,30,1.03,3.9,kg/m
1+1/4,32,42.2,3.56,3.39,STD,40,0.96,4.35,kg/m
1+1/4,32,42.2,4.85,4.47,XS,80,0.82,5.29,kg/m
1+1/4,32,42.2,6.35,5.61,,160,0.68,6.29,kg/m
1+1/4,32,42.2,9.7,7.77,XXS,,0.4,8.17,kg/m
1+1/2,40,48.3,1.65,1.9,,5,1.58,3.48,kg/m
1+1/2,40,48.3,2.77,3.11,,10,1.43,4.54,kg/m
1+1/2,40,48.3,3.18,3.53,,30,1.38,4.91,kg/m
1+1/2,40,48.3,3.68,4.05,STD,40,1.31,5.36,kg/m
1+1/2,40,48.3,5.08,5.41,XS,80,1.14,6.55,kg/m
1+1/2,40,48.3,7.14,7.25,,160,0.9,8.15,kg/m
1+1/2,40,48.3,10.15,9.55,XXS,,0.61,10.16,kg/m
2,50,60.3,1.65,2.39,,5,2.55,4.94,kg/m
2,50,60.3,2.11,3.03,,,2.46,5.49,kg/m
2,50,60.3,2.77,3.93,,10,2.35,6.28,kg/m
2,50,60.3,3.18,4.48,,30,2.28,6.76,kg/m
2,50,60.3,3.58,5.01,,,2.21,7.22,kg/m
2,50,60.3,3.91,5.44,STD,40,2.16,7.6,kg/m
2,50,60.3,4.37,6.03,,,2.08,8.11,kg/m
2,50,60.3,4.78,6.54,,,2.02,8.56,kg/m
2,50,60.3,5.54,7.48,XS,80,1.9,9.38,kg/m
2,50,60.3,6.35,8.45,,,1.77,10.22,kg/m
2,50,60.3,7.14,9.36,,,1.66,11.02,kg/m
2,50,60.3,8.74,11.11,,160,1.43,12.54,kg/m
2,50,60.3,11.07,13.44,XXS,,1.14,14.58,kg/m
2+1/2,65,73,2.11,3.69,,5,3.71,7.4,kg/m
2+1/2,65,73,2.77,4.8,,,3.57,8.37,kg/m
2+1/2,65,73,3.05,5.26,,10,3.51,8.77,kg/m
2+1/2,65,73,3.18,5.48,,,3.48,8.96,kg/m
2+1/2,65,73,3.58,6.13,,,3.4,9.53,kg/m
2+1/2,65,73,3.96,6.74,,,3.32,10.06,kg/m
2+1/2,65,73,4.37,7.4,,,3.24,10.64,kg/m
2+1/2,65,73,4.78,8.04,,30,3.15,11.19,kg/m
2+1/2,65,73,5.16,8.63,STD,40,3.08,11.71,kg/m
2+1/2,65,73,5.49,9.14,,,3.01,12.15,kg/m
2+1/2,65,73,6.35,10.44,,,2.85,13.29,kg/m
2+1/2,65,73,7.01,11.41,XS,80,2.73,14.14,kg/m
2+1/2,65,73,9.53,14.92,,160,2.28,17.2,kg/m
2+1/2,65,73,14.02,20.39,XXS,,1.58,21.97,kg/m
3,80,88.9,2.11,4.52,,5,5.62,10.14,kg/m
3,80,88.9,2.77,5.88,,,5.45,11.33,kg/m
3,80,88.9,3.05,6.46,,10,5.38,11.84,kg/m
3,80,88.9,3.18,6.72,,,5.34,12.06,kg/m
3,80,88.9,3.58,7.53,,,5.24,12.77,kg/m
3,80,88.9,3.96,8.3,,,5.14,13.44,kg/m
3,80,88.9,4.37,9.11,,,5.04,14.15,kg/m
3,80,88.9,4.78,9.92,,30,4.94,14.86,kg/m
3,80,88.9,5.49,11.29,STD,40,4.76,16.05,kg/m
3,80,88.9,6.35,12.93,,,4.55,17.48,kg/m
3,80,88.9,7.14,14.4,,,4.37,18.77,kg/m
3,80,88.9,7.62,15.27,XS,80,4.25,19.52,kg/m
3,80,88.9,11.13,21.35,,160,3.48,24.83,kg/m
3,80,88.9,15.24,27.68,XXS,,2.67,30.35,kg/m
3+1/2,90,101.6,2.11,5.18,,5,7.44,12.62,kg/m
3+1/2,90,101.6,2.77,6.75,,,7.24,13.99,kg/m
3+1/2,90,101.6,3.05,7.41,,10,7.15,14.56,kg/m
3+1/2,90,101.6,3.18,7.72,,,7.12,14.84,kg/m
3+1/2,90,101.6,3.58,8.65,,,7,15.65,kg/m
3+1/2,90,101.6,3.96,9.54,,,6.88,16.42,kg/m
3+1/2,90,101.6,4.37,10.48,,,6.76,17.24,kg/m
3+1/2,90,101.6,4.78,11.41,,30,6.65,18.06,kg/m
3+1/2,90,101.6,5.74,13.57,STD,40,6.37,19.94,kg/m
3+1/2,90,101.6,6.35,14.92,,,6.2,21.12,kg/m
3+1/2,90,101.6,7.14,16.63,,,5.98,22.61,kg/m
3+1/2,90,101.6,8.08,18.64,XS,80,5.73,24.37,kg/m
4,100,114.3,2.11,5.84,,5,9.51,15.35,kg/m
4,100,114.3,2.77,7.62,,,9.28,16.9,kg/m
4,100,114.3,3.05,8.37,,10,9.19,17.56,kg/m
4,100,114.3,3.18,8.71,,,9.14,17.85,kg/m
4,100,114.3,3.58,9.78,,,9.01,18.79,kg/m
4,100,114.3,3.96,10.78,,,8.88,19.66,kg/m
4,100,114.3,4.37,11.85,,,8.74,20.59,kg/m
4,100,114.3,4.78,12.91,,30,8.61,21.52,kg/m
4,100,114.3,5.16,13.89,,,8.48,22.37,kg/m
4,100,114.3,5.56,14.91,,,8.35,23.26,kg/m
4,100,114.3,6.02,16.08,STD,40,8.2,24.28,kg/m
4,100,114.3,6.35,16.91,,,8.1,25.01,kg/m
4,100,114.3,7.14,18.87,,,7.85,26.72,kg/m
4,100,114.3,7.92,20.78,,,7.61,28.39,kg/m
4,100,114.3,8.56,22.32,XS,80,7.41,29.73,kg/m
4,100,114.3,11.13,28.32,,120,6.65,34.97,kg/m
4,100,114.3,13.49,33.54,,160,5.98,39.52,kg/m
4,100,114.3,17.12,41.03,XXS,,5.03,46.06,kg/m
5,125,141.3,2.11,7.24,,,14.75,21.99,kg/m
5,125,141.3,2.77,9.46,,5,14.46,23.92,kg/m
5,125,141.3,3.18,10.83,,,14.29,25.12,kg/m
5,125,141.3,3.4,11.56,,10,14.2,25.76,kg/m
5,125,141.3,3.96,13.41,,,13.96,27.37,kg/m
5,125,141.3,4.78,16.09,,,13.62,29.71,kg/m
5,125,141.3,5.56,18.61,,,13.3,31.91,kg/m
5,125,141.3,6.55,21.77,STD,40,12.9,34.67,kg/m
5,125,141.3,7.14,23.62,,,12.66,36.28,kg/m
5,125,141.3,7.92,26.05,,,12.35,38.4,kg/m
5,125,141.3,8.74,28.57,,,12.03,40.6,kg/m
5,125,141.3,9.53,30.97,XS,80,11.72,42.69,kg/m
5,125,141.3,12.7,40.28,,120,10.54,50.82,kg/m
5,125,141.3,15.88,49.12,,160,9.41,58.53,kg/m
5,125,141.3,19.05,57.43,XXS,,8.36,65.79,kg/m
6,150,168.3,2.11,8.65,,,21.13,29.78,kg/m
6,150,168.3,2.77,11.31,,5,20.79,32.1,kg/m
6,150,168.3,3.18,12.95,,,20.58,33.53,kg/m
6,150,168.3,3.4,13.83,,10,20.47,34.3,kg/m
6,150,168.3,3.58,14.54,,,20.38,34.92,kg/m
6,150,168.3,3.96,16.05,,,20.19,36.24,kg/m
6,150,168.3,4.37,17.67,,,19.98,37.65,kg/m
6,150,168.3,4.78,19.28,,,19.78,39.06,kg/m
6,150,168.3,5.16,20.76,,,19.59,40.35,kg/m
6,150,168.3,5.56,22.31,,,19.39,41.7,kg/m
6,150,168.3,6.35,25.36,,,19,44.36,kg/m
6,150,168.3,7.11,28.26,STD,40,18.63,46.89,kg/m
6,150,168.3,7.92,31.33,,,18.24,49.57,kg/m
6,150,168.3,8.74,34.39,,,17.85,52.24,kg/m
6,150,168.3,9.53,37.31,,,17.48,54.79,kg/m
6,150,168.3,10.97,42.56,XS,80,16.81,59.37,kg/m
6,150,168.3,12.7,48.73,,,16.03,64.76,kg/m
6,150,168.3,14.27,54.21,,120,15.33,69.54,kg/m
6,150,168.3,15.88,59.69,,,14.63,74.32,kg/m
6,150,168.3,18.26,67.57,,160,13.63,81.2,kg/m
6,150,168.3,19.05,70.12,,,13.3,83.42,kg/m
6,150,168.3,21.95,79.22,XXS,,12.14,91.36,kg/m
6,150,168.3,22.23,80.08,,,12.03,92.11,kg/m
8,200,219.1,2.77,14.78,,5,35.8,50.58,kg/m
8,200,219.1,3.18,16.93,,,35.52,52.45,kg/m
8,200,219.1,3.76,19.97,,10,35.14,55.11,kg/m
8,200,219.1,3.96,21.01,,,35,56.01,kg/m
8,200,219.1,4.78,25.26,,,34.46,59.72,kg/m
8,200,219.1,5.16,27.22,,,34.21,61.43,kg/m
8,200,219.1,5.56,29.28,,,33.95,63.23,kg/m
8,200,219.1,6.35,33.32,,20,33.44,66.76,kg/m
8,200,219.1,7.04,36.82,,30,32.99,69.81,kg/m
8,200,219.1,7.92,41.25,,,32.43,73.68,kg/m
8,200,219.1,8.18,42.55,STD,40,32.26,74.81,kg/m
8,200,219.1,8.74,45.34,,,31.91,77.25,kg/m
8,200,219.1,9.53,49.25,,,31.41,80.66,kg/m
8,200,219.1,10.31,53.09,,60,30.92,84.01,kg/m
8,200,219.1,11.13,57.08,,,30.41,87.49,kg/m
8,200,219.1,12.7,64.64,XS,80,29.45,94.09,kg/m
8,200,219.1,14.27,72.08,,,28.5,100.58,kg/m
8,200,219.1,15.09,75.92,,100,28.01,103.93,kg/m
8,200,219.1,15.88,79.59,,,27.55,107.14,kg/m
8,200,219.1,18.26,90.44,,120,26.16,116.6,kg/m
8,200,219.1,19.05,93.98,,,25.71,119.69,kg/m
8,200,219.1,20.62,100.93,,140,24.83,125.76,kg/m
8,200,219.1,22.23,107.93,XXS,,23.94,131.87,kg/m
8,200,219.1,23.01,111.27,,160,23.51,134.78,kg/m
8,200,219.1,25.4,121.33,,,22.23,143.56,kg/m
10,250,273,3.4,22.61,,5,55.62,78.23,kg/m
10,250,273,3.96,26.27,,,55.15,81.42,kg/m
10,250,273,4.19,27.78,,10,54.96,82.74,kg/m
10,250,273,4.78,31.62,,,54.47,86.09,kg/m
10,250,273,5.16,34.08,,,54.16,88.24,kg/m
10,250,273,5.56,36.67,,,53.83,90.5,kg/m
10,250,273,6.35,41.76,,20,53.18,94.94,kg/m
10,250,273,7.09,46.49,,,52.58,99.07,kg/m
10,250,273,7.8,51.01,,30,52,103.01,kg/m
10,250,273,8.74,56.96,,,51.25,108.21,kg/m
10,250,273,9.27,60.29,STD,40,50.82,111.11,kg/m
10,250,273,11.13,71.88,,,49.35,121.23,kg/m
10,250,273,12.7,81.53,XS,60,48.12,129.65,kg/m
10,250,273,14.27,91.05,,,46.91,137.96,kg/m
10,250,273,15.09,95.98,,80,46.28,142.26,kg/m
10,250,273,15.88,100.69,,,45.68,146.37,kg/m
10,250,273,18.26,114.71,,100,43.89,158.6,kg/m
10,250,273,20.62,128.34,,,42.16,170.5,kg/m
10,250,273,21.44,133.01,,120,41.56,174.57,kg/m
10,250,273,22.23,137.48,,,41,178.48,kg/m
10,250,273,23.83,146.43,,,39.86,186.29,kg/m
10,250,273,25.4,155.1,XXS,140,38.75,193.85,kg/m
10,250,273,28.58,172.27,,160,36.57,208.84,kg/m
10,250,273,31.75,188.9,,,34.45,223.35,kg/m
12,300,323.8,3.96,31.24,,5,78.32,109.56,kg/m
12,300,323.8,4.37,34.43,,,77.92,112.35,kg/m
12,300,323.8,4.57,35.98,,10,77.72,113.7,kg/m
12,300,323.8,4.78,37.61,,,77.51,115.12,kg/m
12,300,323.8,5.16,40.55,,,77.14,117.69,kg/m
12,300,323.8,5.56,43.64,,,76.74,120.38,kg/m
12,300,323.8,6.35,49.71,,20,75.97,125.68,kg/m
12,300,323.8,7.14,55.76,,,75.2,130.96,kg/m
12,300,323.8,7.92,61.7,,,74.44,136.14,kg/m
12,300,323.8,8.38,65.19,,30,74,139.19,kg/m
12,300,323.8,8.74,67.91,,,73.65,141.56,kg/m
12,300,323.8,9.53,73.86,STD,,72.9,146.76,kg/m
12,300,323.8,10.31,79.71,,40,72.15,151.86,kg/m
12,300,323.8,11.13,85.82,,,71.37,157.19,kg/m
12,300,323.8,12.7,97.44,XS,,69.89,167.33,kg/m
12,300,323.8,14.27,108.93,,60,68.43,177.36,kg/m
12,300,323.8,15.88,120.59,,,66.95,187.54,kg/m
12,300,323.8,17.48,132.05,,80,65.49,197.54,kg/m
12,300,323.8,19.05,143.17,,,64.07,207.24,kg/m
12,300,323.8,20.62,154.17,,,62.67,216.84,kg/m
12,300,323.8,21.44,159.87,,100,61.94,221.81,kg/m
12,300,323.8,22.23,165.33,,,61.25,226.58,kg/m
12,300,323.8,23.83,176.29,,,59.85,236.14,kg/m
12,300,323.8,25.4,186.92,XXS,120,58.5,245.42,kg/m
12,300,323.8,26.97,197.43,,,57.16,254.59,kg/m
12,300,323.8,28.58,208.08,,140,55.81,263.89,kg/m
12,300,323.8,31.75,228.68,,,53.18,281.86,kg/m
12,300,323.8,33.32,238.69,,160,51.91,290.6,kg/m
14,350,355.6,3.96,34.34,,5,94.89,129.23,kg/m
14,350,355.6,4.78,41.36,,,93.99,135.35,kg/m
14,350,355.6,5.16,44.59,,,93.58,138.17,kg/m
14,350,355.6,5.33,46.04,,,93.4,139.44,kg/m
14,350,355.6,5.56,48,,,93.15,141.15,kg/m
14,350,355.6,6.35,54.69,,10,92.3,146.99,kg/m
14,350,355.6,7.14,61.36,,,91.45,152.81,kg/m
14,350,355.6,7.92,67.91,,20,90.61,158.52,kg/m
14,350,355.6,8.74,74.76,,,89.74,164.5,kg/m
14,350,355.6,9.53,81.33,STD,30,88.9,170.23,kg/m
14,350,355.6,10.31,87.79,,,88.08,175.87,kg/m
14,350,355.6,11.13,94.55,,40,87.22,181.77,kg/m
14,350,355.6,11.91,100.95,,,86.41,187.36,kg/m
14,350,355.6,12.7,107.4,XS,,85.59,192.99,kg/m
14,350,355.6,14.27,120.12,,,83.97,204.09,kg/m
14,350,355.6,15.09,126.72,,60,83.13,209.85,kg/m
14,350,355.6,15.88,133.04,,,82.32,215.36,kg/m
14,350,355.6,17.48,145.76,,,80.7,226.46,kg/m
14,350,355.6,19.05,158.11,,80,79.13,237.24,kg/m
14,350,355.6,20.62,170.34,,,77.57,247.91,kg/m
14,350,355.6,22.23,182.76,,,75.99,258.75,kg/m
14,350,355.6,23.83,194.98,,100,74.43,269.41,kg/m
14,350,355.6,25.4,206.84,,,72.92,279.76,kg/m
14,350,355.6,26.97,218.58,,,71.43,290.01,kg/m
14,350,355.6,27.79,224.66,,120,70.65,295.31,kg/m
14,350,355.6,28.58,230.49,,,69.91,300.4,kg/m
14,350,355.6,31.75,253.58,,140,66.97,320.55,kg/m
14,350,355.6,35.71,281.72,,160,63.39,345.11,kg/m
14,350,355.6,50.8,381.85,,,50.64,432.49,kg/m
14,350,355.6,53.98,401.52,,,48.14,449.66,kg/m
14,350,355.6,55.88,413.04,,,46.67,459.71,kg/m
14,350,355.6,63.5,457.43,,,41.02,498.45,kg/m
16,400,406.4,4.19,41.56,,5,124.35,165.91,kg/m
16,400,406.4,4.78,47.34,,,123.62,170.96,kg/m
16,400,406.4,5.16,51.06,,,123.15,174.21,kg/m
16,400,406.4,5.56,54.96,,,122.65,177.61,kg/m
16,400,406.4,6.35,62.65,,10,121.67,184.32,kg/m
16,400,406.4,7.14,70.3,,,120.7,191,kg/m
16,400,406.4,7.92,77.83,,20,119.74,197.57,kg/m
16,400,406.4,8.74,85.71,,,118.73,204.44,kg/m
16,400,406.4,9.53,93.27,STD,30,117.77,211.04,kg/m
16,400,406.4,10.31,100.71,,,116.82,217.53,kg/m
16,400,406.4,11.13,108.49,,,115.83,224.32,kg/m
16,400,406.4,11.91,115.87,,,114.89,230.76,kg/m
16,400,406.4,12.7,123.31,XS,40,113.95,237.26,kg/m
16,400,406.4,14.27,138,,,112.08,250.08,kg/m
16,400,406.4,15.88,152.94,,,110.17,263.11,kg/m
16,400,406.4,16.66,160.13,,60,109.26,269.39,kg/m
16,400,406.4,17.48,167.66,,,108.3,275.96,kg/m
16,400,406.4,19.05,181.98,,,106.48,288.46,kg/m
16,400,406.4,20.62,196.18,,,104.67,300.85,kg/m
16,400,406.4,21.44,203.54,,80,103.73,307.27,kg/m
16,400,406.4,22.23,210.61,,,102.83,313.44,kg/m
16,400,406.4,23.83,224.83,,,101.02,325.85,kg/m
16,400,406.4,25.4,238.66,,,99.26,337.92,kg/m
16,400,406.4,26.19,245.57,,100,98.38,343.95,kg/m
16,400,406.4,26.97,252.37,,,97.51,349.88,kg/m
16,400,406.4,28.58,266.3,,,95.74,362.04,kg/m
16,400,406.4,30.18,280.01,,,93.99,374,kg/m
16,400,406.4,30.96,286.66,,120,93.15,379.81,kg/m
16,400,406.4,31.75,293.35,,,92.3,385.65,kg/m
16,400,406.4,36.53,333.21,,140,87.22,420.43,kg/m
16,400,406.4,40.49,365.38,,160,83.13,448.51,kg/m
18,450,457,4.19,46.79,,5,157.98,204.77,kg/m
18,450,457,4.78,53.31,,,157.15,210.46,kg/m
18,450,457,5.56,61.9,,,156.06,217.96,kg/m
18,450,457,6.35,70.57,,10,154.96,225.53,kg/m
18,450,457,7.14,79.21,,,153.86,233.07,kg/m
18,450,457,7.92,87.71,,20,152.77,240.48,kg/m
18,450,457,8.74,96.62,,,151.64,248.26,kg/m
18,450,457,9.53,105.17,STD,,150.55,255.72,kg/m
18,450,457,10.31,113.58,,,149.48,263.06,kg/m
18,450,457,11.13,122.38,,30,148.36,270.74,kg/m
18,450,457,11.91,130.73,,,147.3,278.03,kg/m
18,450,457,12.7,139.16,XS,,146.22,285.38,kg/m
18,450,457,14.27,155.81,,40,144.1,299.91,kg/m
18,450,457,15.88,172.75,,,141.95,314.7,kg/m
18,450,457,17.48,189.47,,,139.82,329.29,kg/m
18,450,457,19.05,205.75,,60,137.74,343.49,kg/m
18,450,457,20.62,221.91,,,135.69,357.6,kg/m
18,450,457,22.23,238.35,,,133.59,371.94,kg/m
18,450,457,23.83,254.57,,80,131.53,386.1,kg/m
18,450,457,25.4,270.36,,,129.52,399.88,kg/m
18,450,457,26.97,286.02,,,127.52,413.54,kg/m
18,450,457,28.58,301.96,,,125.49,427.45,kg/m
18,450,457,29.36,309.64,,100,124.52,434.16,kg/m
18,450,457,30.18,317.68,,,123.49,441.17,kg/m
18,450,457,31.75,332.97,,,121.55,454.52,kg/m
18,450,457,34.93,363.58,,120,117.65,481.23,kg/m
18,450,457,39.67,408.28,,140,111.96,520.24,kg/m
18,450,457,45.24,459.39,,160,105.45,564.84,kg/m
20,500,508,4.78,59.32,,5,195.02,254.34,kg/m
20,500,508,5.56,68.89,,,193.8,262.69,kg/m
20,500,508,6.35,78.56,,10,192.57,271.13,kg/m
20,500,508,7.14,88.19,,,191.35,279.54,kg/m
20,500,508,7.92,97.68,,,190.14,287.82,kg/m
20,500,508,8.74,107.61,,,188.87,296.48,kg/m
20,500,508,9.53,117.15,STD,20,187.66,304.81,kg/m
20,500,508,10.31,126.54,,,186.46,313,kg/m
20,500,508,11.13,136.38,,,185.21,321.59,kg/m
20,500,508,11.91,145.71,,,184.02,329.73,kg/m
20,500,508,12.7,155.13,XS,30,182.82,337.95,kg/m
20,500,508,14.27,173.75,,,180.45,354.2,kg/m
20,500,508,15.09,183.43,,40,179.22,362.65,kg/m
20,500,508,15.88,192.73,,,178.04,370.77,kg/m
20,500,508,17.48,211.45,,,175.65,387.1,kg/m
20,500,508,19.05,229.71,,,173.33,403.04,kg/m
20,500,508,20.62,247.84,,60,171.02,418.86,kg/m
20,500,508,22.23,266.31,,,168.67,434.98,kg/m
20,500,508,23.83,284.54,,,166.35,450.89,kg/m
20,500,508,25.4,302.3,,,164.08,466.38,kg/m
20,500,508,26.19,311.19,,80,162.95,474.14,kg/m
20,500,508,26.97,319.94,,,161.84,481.78,kg/m
20,500,508,28.58,337.91,,,159.55,497.46,kg/m
20,500,508,30.18,355.63,,,157.29,512.92,kg/m
20,500,508,31.75,372.91,,,155.1,528.01,kg/m
20,500,508,32.54,381.55,,100,153.99,535.54,kg/m
20,500,508,33.32,390.05,,,152.91,542.96,kg/m
20,500,508,34.93,407.51,,,150.69,558.2,kg/m
20,500,508,38.1,441.52,,120,146.36,587.88,kg/m
20,500,508,44.45,508.15,,140,137.88,646.03,kg/m
20,500,508,50.01,564.85,,160,130.66,695.51,kg/m
22,550,559,4.78,65.33,,5,236.97,302.3,kg/m
22,550,559,5.56,75.89,,,235.63,311.52,kg/m
22,550,559,6.35,86.55,,10,234.27,320.82,kg/m
22,550,559,7.14,97.17,,,232.92,330.09,kg/m
22,550,559,7.92,107.64,,,231.59,339.23,kg/m
22,550,559,8.74,118.6,,,230.19,348.79,kg/m
22,550,559,9.53,129.14,STD,20,228.85,357.99,kg/m
22,550,559,10.31,139.51,,,227.53,367.04,kg/m
22,550,559,11.13,150.38,,,226.15,376.53,kg/m
22,550,559,11.91,160.69,,,224.83,385.52,kg/m
22,550,559,12.7,171.1,XS,30,223.51,394.61,kg/m
22,550,559,14.27,191.7,,,220.88,412.58,kg/m
22,550,559,15.88,212.7,,,218.21,430.91,kg/m
22,550,559,17.48,233.44,,,215.57,449.01,kg/m
22,550,559,19.05,253.67,,,212.99,466.66,kg/m
22,550,559,20.62,273.78,,,210.43,484.21,kg/m
22,550,559,22.23,294.27,,60,207.82,502.09,kg/m
22,550,559,23.83,314.51,,,205.25,519.76,kg/m
22,550,559,25.4,334.25,,,202.73,536.98,kg/m
22,550,559,26.97,353.86,,,200.24,554.1,kg/m
22,550,559,28.58,373.85,,80,197.69,571.54,kg/m
22,550,559,30.18,393.59,,,195.18,588.77,kg/m
22,550,559,31.75,412.84,,,192.73,605.57,kg/m
22,550,559,33.32,431.96,,,190.29,622.25,kg/m
22,550,559,34.93,451.45,,100,187.81,639.26,kg/m
22,550,559,36.53,470.69,,,185.36,656.05,kg/m
22,550,559,38.1,489.44,,,182.98,672.42,kg/m
22,550,559,41.28,527.05,,120,178.19,705.24,kg/m
22,550,559,47.63,600.67,,140,168.81,769.48,kg/m
22,550,559,53.98,672.3,,160,159.69,831.99,kg/m
24,600,610,5.54,82.58,,5,281.58,364.16,kg/m
24,600,610,6.35,94.53,,10,280.06,374.59,kg/m
24,600,610,7.14,106.15,,,278.58,384.73,kg/m
24,600,610,7.92,117.6,,,277.12,394.72,kg/m
24,600,610,8.74,129.6,,,275.59,405.19,kg/m
24,600,610,9.53,141.12,STD,20,274.12,415.24,kg/m
24,600,610,10.31,152.48,,,272.68,425.16,kg/m
24,600,610,11.13,164.38,,,271.16,435.54,kg/m
24,600,610,11.91,175.67,,,269.73,445.4,kg/m
24,600,610,12.7,187.07,XS,,268.27,455.34,kg/m
24,600,610,14.27,209.65,,30,265.4,475.05,kg/m
24,600,610,15.88,232.67,,,262.47,495.14,kg/m
24,600,610,17.48,255.43,,40,259.57,515,kg/m
24,600,610,19.05,277.63,,,256.74,534.37,kg/m
24,600,610,20.62,299.71,,,253.93,553.64,kg/m
24,600,610,22.23,322.23,,,251.07,573.3,kg/m
24,600,610,23.83,344.48,,,248.23,592.71,kg/m
24,600,610,24.61,355.28,,60,246.86,602.14,kg/m
24,600,610,25.4,366.19,,,245.47,611.66,kg/m
24,600,610,26.97,387.79,,,242.72,630.51,kg/m
24,600,610,28.58,409.8,,,239.92,649.72,kg/m
24,600,610,30.18,431.55,,,237.15,668.7,kg/m
24,600,610,30.96,442.11,,80,235.8,677.91,kg/m
24,600,610,31.75,452.77,,,234.44,687.21,kg/m
24,600,610,33.32,473.87,,,231.76,705.63,kg/m
24,600,610,34.93,495.38,,,229.02,724.4,kg/m
24,600,610,36.53,516.63,,,226.31,742.94,kg/m
24,600,610,38.1,537.36,,,223.67,761.03,kg/m
24,600,610,38.89,547.74,,100,222.35,770.09,kg/m
24,600,610,39.67,557.97,,,221.05,779.02,kg/m
24,600,610,46.02,640.07,,120,210.6,850.67,kg/m
24,600,610,52.37,720.19,,140,200.4,920.59,kg/m
24,600,610,59.54,808.27,,160,189.18,997.45,kg/m
26,650,660,6.35,102.36,,,328.91,431.27,kg/m
26,650,660,7.14,114.96,,,327.3,442.26,kg/m
26,650,660,7.92,127.36,,10,325.72,453.08,kg/m
26,650,660,8.74,140.37,,,324.07,464.44,kg/m
26,650,660,9.53,152.88,STD,,322.48,475.36,kg/m
26,650,660,10.31,165.19,,,320.91,486.1,kg/m
26,650,660,11.13,178.1,,,319.26,497.36,kg/m
26,650,660,11.91,190.36,,,317.7,508.06,kg/m
26,650,660,12.7,202.74,XS,20,316.13,518.87,kg/m
26,650,660,14.27,227.25,,,313.01,540.26,kg/m
26,650,660,15.88,252.25,,,309.82,562.07,kg/m
26,650,660,17.48,276.98,,,306.67,583.65,kg/m
26,650,660,19.05,301.12,,,303.6,604.72,kg/m
26,650,660,20.62,325.14,,,300.54,625.68,kg/m
26,650,660,22.23,349.64,,,297.42,647.06,kg/m
26,650,660,23.83,373.87,,,294.34,668.21,kg/m
26,650,660,25.4,397.51,,,291.33,688.84,kg/m
28,700,711,6.35,110.35,,,382.78,493.13,kg/m
28,700,711,7.14,123.94,,,381.05,504.99,kg/m
28,700,711,7.92,137.32,,10,379.34,516.66,kg/m
28,700,711,8.74,151.37,,,377.56,528.93,kg/m
28,700,711,9.53,164.86,STD,,375.84,540.7,kg/m
28,700,711,10.31,178.16,,,374.15,552.31,kg/m
28,700,711,11.13,192.1,,,372.37,564.47,kg/m
28,700,711,11.91,205.34,,,370.68,576.02,kg/m
28,700,711,12.7,218.71,XS,20,368.98,587.69,kg/m
28,700,711,14.27,245.19,,,365.61,610.8,kg/m
28,700,711,15.88,272.23,,30,362.17,634.4,kg/m
28,700,711,17.48,298.96,,,358.76,657.72,kg/m
28,700,711,19.05,325.08,,,355.44,680.52,kg/m
28,700,711,20.62,351.07,,,352.13,703.2,kg/m
28,700,711,22.23,377.6,,,348.75,726.35,kg/m
28,700,711,23.83,403.84,,,345.41,749.25,kg/m
28,700,711,25.4,429.46,,,342.15,771.61,kg/m
30,750,762,6.35,118.34,,5,440.73,559.07,kg/m
30,750,762,7.14,132.92,,,438.88,571.8,kg/m
30,750,762,7.92,147.29,,10,437.05,584.34,kg/m
30,750,762,8.74,162.36,,,435.13,597.49,kg/m
30,750,762,9.53,176.85,STD,,433.28,610.13,kg/m
30,750,762,10.31,191.12,,,431.47,622.59,kg/m
30,750,762,11.13,206.1,,,429.56,635.66,kg/m
30,750,762,11.91,220.32,,,427.75,648.07,kg/m
30,750,762,12.7,234.68,XS,20,425.92,660.6,kg/m
30,750,762,14.27,263.14,,,422.3,685.44,kg/m
30,750,762,15.88,292.2,,30,418.6,710.8,kg/m
30,750,762,17.48,320.95,,,414.94,735.89,kg/m
30,750,762,19.05,349.04,,,411.36,760.4,kg/m
30,750,762,20.62,377.01,,,407.8,784.81,kg/m
30,750,762,22.23,405.56,,,404.16,809.72,kg/m
30,750,762,23.83,433.81,,,400.57,834.38,kg/m
30,750,762,25.4,461.41,,,397.05,858.46,kg/m
30,750,762,26.97,488.88,,,393.55,882.43,kg/m
30,750,762,28.58,516.93,,,389.98,906.91,kg/m
30,750,762,30.18,544.68,,,386.45,931.13,kg/m
30,750,762,31.75,571.79,,,383,954.79,kg/m
32,800,813,6.35,126.32,,,502.77,629.09,kg/m
32,800,813,7.14,141.9,,,500.79,642.69,kg/m
32,800,813,7.92,157.25,,10,498.83,656.08,kg/m
32,800,813,8.74,173.35,,,496.78,670.13,kg/m
32,800,813,9.53,188.83,STD,,494.81,683.64,kg/m
32,800,813,10.31,204.09,,,492.87,696.96,kg/m
32,800,813,11.13,220.1,,,490.83,710.93,kg/m
32,800,813,11.91,235.29,,,488.9,724.19,kg/m
32,800,813,12.7,250.65,XS,20,486.94,737.59,kg/m
32,800,813,14.27,281.09,,,483.07,764.16,kg/m
32,800,813,15.88,312.17,,30,479.11,791.28,kg/m
32,800,813,17.48,342.94,,40,475.19,818.13,kg/m
32,800,813,19.05,373,,,471.36,844.36,kg/m
32,800,813,20.62,402.94,,,467.55,870.49,kg/m
32,800,813,22.23,433.52,,,463.66,897.18,kg/m
32,800,813,23.83,463.78,,,459.81,923.59,kg/m
32,800,813,25.4,493.35,,,456.04,949.39,kg/m
32,800,813,26.97,522.8,,,452.29,975.09,kg/m
32,800,813,28.58,552.88,,,448.46,1001.34,kg/m
32,800,813,30.18,582.64,,,444.67,1027.31,kg/m
32,800,813,31.75,611.72,,,440.97,1052.69,kg/m
34,850,864,6.35,134.31,,,568.89,703.2,kg/m
34,850,864,7.14,150.88,,,566.78,717.66,kg/m
34,850,864,7.92,167.21,,10,564.7,731.91,kg/m
34,850,864,8.74,184.34,,,562.52,746.86,kg/m
34,850,864,9.53,200.82,STD,,560.43,761.25,kg/m
34,850,864,10.31,217.06,,,558.36,775.42,kg/m
34,850,864,11.13,234.1,,,556.19,790.29,kg/m
34,850,864,11.91,250.27,,,554.13,804.4,kg/m
34,850,864,12.7,266.63,XS,20,552.05,818.68,kg/m
34,850,864,14.27,299.04,,,547.92,846.96,kg/m
34,850,864,15.88,332.14,,30,543.7,875.84,kg/m
34,850,864,17.48,364.92,,40,539.53,904.45,kg/m
34,850,864,19.05,396.96,,,535.45,932.41,kg/m
34,850,864,20.62,428.88,,,531.39,960.27,kg/m
34,850,864,22.23,461.48,,,527.24,988.72,kg/m
34,850,864,23.83,493.75,,,523.13,1016.88,kg/m
34,850,864,25.4,525.3,,,519.11,1044.41,kg/m
34,850,864,26.97,556.73,,,515.11,1071.84,kg/m
34,850,864,28.58,588.83,,,511.02,1099.85,kg/m
34,850,864,30.18,620.6,,,506.98,1127.58,kg/m
34,850,864,31.75,651.65,,,503.02,1154.67,kg/m
36,900,914,6.35,142.14,,,637.68,779.82,kg/m
36,900,914,7.14,159.68,,,635.45,795.13,kg/m
36,900,914,7.92,176.97,,10,633.25,810.22,kg/m
36,900,914,8.74,195.12,,,630.94,826.06,kg/m
36,900,914,9.53,212.57,STD,,628.72,841.29,kg/m
36,900,914,10.31,229.77,,,626.53,856.3,kg/m
36,900,914,11.13,247.82,,,624.23,872.05,kg/m
36,900,914,11.91,264.96,,,622.05,887.01,kg/m
36,900,914,12.7,282.29,XS,20,619.84,902.13,kg/m
36,900,914,14.27,316.63,,,615.47,932.1,kg/m
36,900,914,15.88,351.73,,30,611,962.73,kg/m
36,900,914,17.48,386.47,,,606.57,993.04,kg/m
36,900,914,19.05,420.45,,40,602.25,1022.7,kg/m
36,900,914,20.62,454.3,,,597.94,1052.24,kg/m
36,900,914,22.23,488.89,,,593.53,1082.42,kg/m
36,900,914,23.83,523.14,,,589.17,1112.31,kg/m
36,900,914,25.4,556.62,,,584.91,1141.53,kg/m
36,900,914,26.97,589.98,,,580.66,1170.64,kg/m
36,900,914,28.58,624.07,,,576.32,1200.39,kg/m
36,900,914,30.18,657.81,,,572.03,1229.84,kg/m
36,900,914,31.75,690.8,,,567.82,1258.62,kg/m
38,950,965,7.92,186.94,,,707.21,894.15,kg/m
38,950,965,8.74,206.11,,,704.76,910.87,kg/m
38,950,965,9.53,224.56,STD,,702.41,926.97,kg/m
38,950,965,10.31,242.74,,,700.1,942.84,kg/m
38,950,965,11.13,261.82,,,697.67,959.49,kg/m
38,950,965,11.91,279.94,,,695.36,975.3,kg/m
38,950,965,12.7,298.26,XS,,693.03,991.29,kg/m
38,950,965,14.27,334.58,,,688.41,1022.99,kg/m
38,950,965,15.88,371.7,,,683.68,1055.38,kg/m
38,950,965,17.48,408.46,,,679,1087.46,kg/m
38,950,965,19.05,444.41,,,674.42,1118.83,kg/m
38,950,965,20.62,480.24,,,669.86,1150.1,kg/m
38,950,965,22.23,516.85,,,665.2,1182.05,kg/m
38,950,965,23.83,553.11,,,660.58,1213.69,kg/m
38,950,965,25.4,588.57,,,656.07,1244.64,kg/m
38,950,965,26.97,623.9,,,651.57,1275.47,kg/m
38,950,965,28.58,660.01,,,646.97,1306.98,kg/m
38,950,965,30.18,695.77,,,642.42,1338.19,kg/m
38,950,965,31.75,730.74,,,637.97,1368.71,kg/m
40,1000,1016,7.92,196.9,,,785.25,982.15,kg/m
40,1000,1016,8.74,217.11,,,782.67,999.78,kg/m
40,1000,1016,9.53,236.54,STD,,780.2,1016.74,kg/m
40,1000,1016,10.31,255.71,,,777.76,1033.47,kg/m
40,1000,1016,11.13,275.82,,,775.2,1051.02,kg/m
40,1000,1016,11.91,294.92,,,772.77,1067.69,kg/m
40,1000,1016,12.7,314.23,XS,,770.31,1084.54,kg/m
40,1000,1016,14.27,352.53,,,765.43,1117.96,kg/m
40,1000,1016,15.88,391.67,,,760.45,1152.12,kg/m
40,1000,1016,17.48,430.45,,,755.51,1185.96,kg/m
40,1000,1016,19.05,468.37,,,750.68,1219.05,kg/m
40,1000,1016,20.62,506.17,,,745.87,1252.04,kg/m
40,1000,1016,22.23,544.81,,,740.95,1285.76,kg/m
40,1000,1016,23.83,583.08,,,736.08,1319.16,kg/m
40,1000,1016,25.4,620.51,,,731.31,1351.82,kg/m
40,1000,1016,26.97,657.82,,,726.56,1384.38,kg/m
40,1000,1016,28.58,695.96,,,721.7,1417.66,kg/m
40,1000,1016,30.18,733.73,,,716.89,1450.62,kg/m
40,1000,1016,31.75,770.67,,,712.19,1482.86,kg/m
42,1050,1067,8.74,228.1,,,864.67,1092.77,kg/m
42,1050,1067,9.53,248.53,STD,,862.06,1110.59,kg/m
42,1050,1067,10.31,268.67,,,859.5,1128.17,kg/m
42,1050,1067,11.13,289.82,,,856.81,1146.63,kg/m
42,1050,1067,11.91,309.9,,,854.25,1164.15,kg/m
42,1050,1067,12.7,330.21,XS,,851.67,1181.88,kg/m
42,1050,1067,14.27,370.48,,,846.54,1217.02,kg/m
42,1050,1067,15.88,411.64,,,841.3,1252.94,kg/m
42,1050,1067,17.48,452.43,,,836.1,1288.53,kg/m
42,1050,1067,19.05,492.33,,,831.02,1323.35,kg/m
42,1050,1067,20.62,532.11,,,825.96,1358.07,kg/m
42,1050,1067,22.23,572.77,,,820.78,1393.55,kg/m
42,1050,1067,23.83,613.05,,,815.65,1428.7,kg/m
42,1050,1067,25.4,652.46,,,810.64,1463.1,kg/m
42,1050,1067,26.97,691.75,,,805.63,1497.38,kg/m
42,1050,1067,28.58,731.91,,,800.52,1532.43,kg/m
42,1050,1067,30.18,771.69,,,795.45,1567.14,kg/m
42,1050,1067,31.75,810.6,,,790.5,1601.1,kg/m
44,1100,1118,8.74,239.09,,,950.74,1189.83,kg/m
44,1100,1118,9.53,260.52,STD,,948.02,1208.54,kg/m
44,1100,1118,10.31,281.64,,,945.33,1226.97,kg/m
44,1100,1118,11.13,303.82,,,942.5,1246.32,kg/m
44,1100,1118,11.91,324.88,,,939.82,1264.7,kg/m
44,1100,1118,12.7,346.18,XS,,937.11,1283.29,kg/m
44,1100,1118,14.27,388.42,,,931.73,1320.15,kg/m
44,1100,1118,15.88,431.62,,,926.23,1357.85,kg/m
44,1100,1118,17.48,474.42,,,920.78,1395.2,kg/m
44,1100,1118,19.05,516.29,,,915.45,1431.74,kg/m
44,1100,1118,20.62,558.04,,,910.13,1468.17,kg/m
44,1100,1118,22.23,600.73,,,904.7,1505.43,kg/m
44,1100,1118,23.83,643.03,,,899.31,1542.34,kg/m
44,1100,1118,25.4,684.41,,,894.04,1578.45,kg/m
44,1100,1118,26.97,725.67,,,888.79,1614.46,kg/m
44,1100,1118,28.58,767.85,,,883.42,1651.27,kg/m
44,1100,1118,30.18,809.65,,,878.1,1687.75,kg/m
44,1100,1118,31.75,850.54,,,872.89,1723.43,kg/m
46,1150,1168,8.74,249.87,,,1039.1,1288.97,kg/m
46,1150,1168,9.53,272.27,STD,,1036.24,1308.51,kg/m
46,1150,1168,10.31,294.35,,,1033.43,1327.78,kg/m
46,1150,1168,11.13,317.54,,,1030.48,1348.02,kg/m
46,1150,1168,11.91,339.56,,,1027.68,1367.24,kg/m
46,1150,1168,12.7,361.84,XS,,1024.84,1386.68,kg/m
46,1150,1168,14.27,406.02,,,1019.21,1425.23,kg/m
46,1150,1168,15.88,451.2,,,1013.46,1464.66,kg/m
46,1150,1168,17.48,495.97,,,1007.76,1503.73,kg/m
46,1150,1168,19.05,539.78,,,1002.18,1541.96,kg/m
46,1150,1168,20.62,583.47,,,996.62,1580.09,kg/m
46,1150,1168,22.23,628.14,,,990.93,1619.07,kg/m
46,1150,1168,23.83,672.41,,,985.3,1657.71,kg/m
46,1150,1168,25.4,715.73,,,979.78,1695.51,kg/m
46,1150,1168,26.97,758.92,,,974.28,1733.2,kg/m
46,1150,1168,28.58,803.09,,,968.66,1771.75,kg/m
46,1150,1168,30.18,846.86,,,963.09,1809.95,kg/m
46,1150,1168,31.75,889.69,,,957.63,1847.32,kg/m
48,1200,1219,8.74,260.86,,,1133.26,1394.12,kg/m
48,1200,1219,9.53,284.25,STD,,1130.28,1414.53,kg/m
48,1200,1219,10.31,307.32,,,1127.34,1434.66,kg/m
48,1200,1219,11.13,331.54,,,1124.26,1455.8,kg/m
48,1200,1219,11.91,354.54,,,1121.33,1475.87,kg/m
48,1200,1219,12.7,377.81,XS,,1118.37,1496.18,kg/m
48,1200,1219,14.27,423.97,,,1112.49,1536.46,kg/m
48,1200,1219,15.88,471.17,,,1106.48,1577.65,kg/m
48,1200,1219,17.48,517.95,,,1100.53,1618.48,kg/m
48,1200,1219,19.05,563.74,,,1094.7,1658.44,kg/m
48,1200,1219,20.62,609.4,,,1088.88,1698.28,kg/m
48,1200,1219,22.23,656.1,,,1082.94,1739.04,kg/m
48,1200,1219,23.83,702.38,,,1077.04,1779.42,kg/m
48,1200,1219,25.4,747.67,,,1071.28,1818.95,kg/m
48,1200,1219,26.97,792.84,,,1065.53,1858.37,kg/m
48,1200,1219,28.58,839.04,,,1059.64,1898.68,kg/m
48,1200,1219,30.18,884.82,,,1053.82,1938.64,kg/m
48,1200,1219,31.75,929.62,,,1048.11,1977.73,kg/m
52,1300,1321,9.53,308.23,,,1330.61,1638.84,kg/m
52,1300,1321,10.31,333.26,,,1327.42,1660.68,kg/m
52,1300,1321,11.13,359.54,,,1324.07,1683.61,kg/m
52,1300,1321,11.91,384.5,,,1320.9,1705.4,kg/m
52,1300,1321,12.7,409.76,,,1317.68,1727.44,kg/m
52,1300,1321,14.27,459.86,,,1311.3,1771.16,kg/m
52,1300,1321,15.88,511.12,,,1304.77,1815.89,kg/m
52,1300,1321,17.48,561.93,,,1298.31,1860.24,kg/m
52,1300,1321,19.05,611.66,,,1291.97,1903.63,kg/m
52,1300,1321,20.62,661.27,,,1285.66,1946.93,kg/m
52,1300,1321,22.23,712.02,,,1279.2,1991.22,kg/m
52,1300,1321,23.83,762.33,,,1272.79,2035.12,kg/m
52,1300,1321,25.4,811.57,,,1266.52,2078.09,kg/m
52,1300,1321,26.97,860.69,,,1260.27,2120.96,kg/m
52,1300,1321,28.58,910.93,,,1253.87,2164.8,kg/m
52,1300,1321,30.18,960.74,,,1247.53,2208.27,kg/m
52,1300,1321,31.75,1009.49,,,1241.32,2250.81,kg/m
56,1400,1422,9.53,331.96,,,1545.06,1877.02,kg/m
56,1400,1422,10.31,358.94,,,1541.63,1900.57,kg/m
56,1400,1422,11.13,387.26,,,1538.02,1925.28,kg/m
56,1400,1422,11.91,414.17,,,1534.6,1948.77,kg/m
56,1400,1422,12.7,441.39,,,1531.13,1972.52,kg/m
56,1400,1422,14.27,495.41,,,1524.25,2019.66,kg/m
56,1400,1422,15.88,550.67,,,1517.22,2067.89,kg/m
56,1400,1422,17.48,605.46,,,1510.24,2115.7,kg/m
56,1400,1422,19.05,659.11,,,1503.41,2162.52,kg/m
56,1400,1422,20.62,712.63,,,1496.6,2209.23,kg/m
56,1400,1422,22.23,767.39,,,1489.62,2257.01,kg/m
56,1400,1422,23.83,821.68,,,1482.71,2304.39,kg/m
56,1400,1422,25.4,874.83,,,1475.94,2350.77,kg/m
56,1400,1422,26.97,927.86,,,1469.19,2397.05,kg/m
56,1400,1422,28.58,982.12,,,1462.28,2444.4,kg/m
56,1400,1422,30.18,1035.91,,,1455.43,2491.34,kg/m
56,1400,1422,31.75,1088.57,,,1448.73,2537.3,kg/m
60,1500,1524,9.53,355.94,,,1777.9,2133.84,kg/m
60,1500,1524,10.31,384.87,,,1774.21,2159.08,kg/m
60,1500,1524,11.13,415.26,,,1770.35,2185.61,kg/m
60,1500,1524,11.91,444.13,,,1766.67,2210.8,kg/m
60,1500,1524,12.7,473.34,,,1762.95,2236.29,kg/m
60,1500,1524,14.27,531.3,,,1755.57,2286.87,kg/m
60,1500,1524,15.88,590.62,,,1748.02,2338.64,kg/m
60,1500,1524,17.48,649.44,,,1740.53,2389.97,kg/m
60,1500,1524,19.05,707.03,,,1733.2,2440.23,kg/m
60,1500,1524,20.62,764.5,,,1725.88,2490.38,kg/m
60,1500,1524,22.23,823.31,,,1718.39,2541.7,kg/m
60,1500,1524,23.83,881.63,,,1710.97,2592.6,kg/m
60,1500,1524,25.4,938.73,,,1703.69,2642.42,kg/m
60,1500,1524,26.97,995.71,,,1696.44,2692.15,kg/m
60,1500,1524,28.58,1054.01,,,1689.02,2743.03,kg/m
60,1500,1524,30.18,1111.83,,,1681.66,2793.49,kg/m
60,1500,1524,31.75,1168.44,,,1674.45,2842.89,kg/m
64,1600,1626,9.53,379.91,,,2027.07,2406.98,kg/m
64,1600,1626,10.31,410.81,,,2023.13,2433.94,kg/m
64,1600,1626,11.13,443.25,,,2019,2462.25,kg/m
64,1600,1626,11.91,474.09,,,2015.07,2489.16,kg/m
64,1600,1626,12.7,505.29,,,2011.1,2516.39,kg/m
64,1600,1626,14.27,567.2,,,2003.22,2570.42,kg/m
64,1600,1626,15.88,630.56,,,1995.15,2625.71,kg/m
64,1600,1626,17.48,693.41,,,1987.15,2680.56,kg/m
64,1600,1626,19.05,754.95,,,1979.31,2734.26,kg/m
64,1600,1626,20.62,816.37,,,1971.49,2787.86,kg/m
64,1600,1626,22.23,879.23,,,1963.49,2842.72,kg/m
64,1600,1626,23.83,941.57,,,1955.55,2897.12,kg/m
64,1600,1626,25.4,1002.62,,,1947.78,2950.4,kg/m
64,1600,1626,26.97,1063.55,,,1940.02,3003.57,kg/m
64,1600,1626,28.58,1125.9,,,1932.08,3057.98,kg/m
64,1600,1626,30.18,1187.74,,,1924.21,3111.95,kg/m
64,1600,1626,31.75,1248.3,,,1916.5,3164.8,kg/m
68,1700,1727,11.91,503.75,,,2277.14,2780.89,kg/m
68,1700,1727,12.7,536.92,,,2272.92,2809.84,kg/m
68,1700,1727,14.27,602.74,,,2264.54,2867.28,kg/m
68,1700,1727,15.88,670.12,,,2255.96,2926.08,kg/m
68,1700,1727,17.48,736.95,,,2247.45,2984.4,kg/m
68,1700,1727,19.05,802.4,,,2239.12,3041.52,kg/m
68,1700,1727,20.62,867.73,,,2230.8,3098.53,kg/m
68,1700,1727,22.23,934.6,,,2222.28,3156.88,kg/m
68,1700,1727,23.83,1000.92,,,2213.84,3214.76,kg/m
68,1700,1727,25.4,1065.89,,,2205.57,3271.46,kg/m
68,1700,1727,26.97,1130.73,,,2197.31,3328.04,kg/m
68,1700,1727,28.58,1197.09,,,2188.86,3385.95,kg/m
68,1700,1727,30.18,1262.92,,,2180.48,3443.4,kg/m
68,1700,1727,31.75,1327.39,,,2172.27,3499.66,kg/m
72,1800,1829,12.7,568.87,,,2553.58,3122.45,kg/m
72,1800,1829,14.27,638.64,,,2544.7,3183.34,kg/m
72,1800,1829,15.88,710.06,,,2535.6,3245.66,kg/m
72,1800,1829,17.48,780.92,,,2526.58,3307.5,kg/m
72,1800,1829,19.05,850.32,,,2517.74,3368.06,kg/m
72,1800,1829,20.62,919.6,,,2508.92,3428.52,kg/m
72,1800,1829,22.23,990.52,,,2499.89,3490.41,kg/m
72,1800,1829,23.83,1060.87,,,2490.94,3551.81,kg/m
72,1800,1829,25.4,1129.78,,,2482.16,3611.94,kg/m
72,1800,1829,26.97,1198.57,,,2473.4,3671.97,kg/m
72,1800,1829,28.58,1268.98,,,2464.44,3733.42,kg/m
72,1800,1829,30.18,1338.83,,,2455.54,3794.37,kg/m
72,1800,1829,31.75,1407.25,,,2446.83,3854.08,kg/m
76,1900,1930,12.7,600.5,,,2847.58,3448.08,kg/m
76,1900,1930,14.27,674.18,,,2838.2,3512.38,kg/m
76,1900,1930,15.88,749.62,,,2828.6,3578.22,kg/m
76,1900,1930,17.48,824.45,,,2819.07,3643.52,kg/m
76,1900,1930,19.05,897.77,,,2809.73,3707.5,kg/m
76,1900,1930,20.62,970.96,,,2800.42,3771.38,kg/m
76,1900,1930,22.23,1045.89,,,2790.87,3836.76,kg/m
76,1900,1930,23.83,1120.22,,,2781.41,3901.63,kg/m
76,1900,1930,25.4,1193.05,,,2772.14,3965.19,kg/m
76,1900,1930,26.97,1265.74,,,2762.88,4028.62,kg/m
76,1900,1930,28.58,1340.17,,,2753.41,4093.58,kg/m
76,1900,1930,30.18,1414.01,,,2744,4158.01,kg/m
76,1900,1930,31.75,1486.33,,,2734.8,4221.13,kg/m
80,2000,2032,14.27,710.08,,,3150.87,3860.95,kg/m
80,2000,2032,15.88,789.56,,,3140.75,3930.31,kg/m
80,2000,2032,17.48,868.43,,,3130.71,3999.14,kg/m
80,2000,2032,19.05,945.69,,,3120.87,4066.56,kg/m
80,2000,2032,20.62,1022.83,,,3111.05,4133.88,kg/m
80,2000,2032,22.23,1101.81,,,3100.99,4202.8,kg/m
80,2000,2032,23.83,1180.17,,,3091.02,4271.19,kg/m
80,2000,2032,25.4,1256.94,,,3081.24,4338.18,kg/m
80,2000,2032,26.97,1333.59,,,3071.48,4405.07,kg/m
80,2000,2032,28.58,1412.06,,,3061.49,4473.55,kg/m
80,2000,2032,30.18,1489.92,,,3051.58,4541.5,kg/m
80,2000,2032,31.75,1566.2,,,3041.86,4608.06,kg/m
