10,2,3,,5,6,7,8,9,10
NPS,DN,Diameter,Thickness,Weight,XS,Schedule,water,total,units
[Note (1)],Note 2,in.,in.,lb/ft,or XXS,No,lb/ft,lb/ft,lb/ft
0+1/8,6,0.405,0.049,0.19,,10,0.03,0.22,lb/ft
0+1/8,6,0.405,0.057,0.21,,30,0.02,0.23,lb/ft
0+1/8,6,0.405,0.068,0.24,STD,40,0.02,0.26,lb/ft
0+1/8,6,0.405,0.095,0.31,XS,80,0.01,0.32,lb/ft
0+1/4,8,0.54,0.065,0.33,,10,0.05,0.38,lb/ft
0+1/4,8,0.54,0.073,0.36,,30,0.05,0.41,lb/ft
0+1/4,8,0.54,0.088,0.43,STD,40,0.04,0.47,lb/ft
0+1/4,8,0.54,0.119,0.54,XS,80,0.03,0.57,lb/ft
0+3/8,10,0.675,0.065,0.42,,10,0.1,0.52,lb/ft
0+3/8,10,0.675,0.073,0.47,,30,0.09,0.56,lb/ft
0+3/8,10,0.675,0.091,0.57,STD,40,0.08,0.65,lb/ft
0+3/8,10,0.675,0.126,0.74,XS,80,0.06,0.8,lb/ft
0+1/2,15,0.84,0.065,0.54,,5,0.17,0.71,lb/ft
0+1/2,15,0.84,0.083,0.67,,10,0.15,0.82,lb/ft
0+1/2,15,0.84,0.095,0.76,,30,0.14,0.9,lb/ft
0+1/2,15,0.84,0.109,0.85,STD,40,0.13,0.98,lb/ft
0+1/2,15,0.84,0.147,1.09,XS,80,0.1,1.19,lb/ft
0+1/2,15,0.84,0.188,1.31,,160,0.07,1.38,lb/ft
0+1/2,15,0.84,0.294,1.72,XXS,,0.02,1.74,lb/ft
0+3/4,20,1.05,0.065,0.69,,5,0.28,0.97,lb/ft
0+3/4,20,1.05,0.083,0.86,,10,0.26,1.12,lb/ft
0+3/4,20,1.05,0.095,0.97,,30,0.24,1.21,lb/ft
0+3/4,20,1.05,0.113,1.13,STD,40,0.22,1.35,lb/ft
0+3/4,20,1.05,0.154,1.48,XS,80,0.18,1.66,lb/ft
0+3/4,20,1.05,0.219,1.95,,160,0.12,2.07,lb/ft
0+3/4,20,1.05,0.308,2.44,XXS,,0.06,2.5,lb/ft
1,25,1.315,0.065,0.87,,5,0.47,1.34,lb/ft
1,25,1.315,0.109,1.41,,10,0.4,1.81,lb/ft
1,25,1.315,0.114,1.46,,30,0.39,1.85,lb/ft
1,25,1.315,0.133,1.68,STD,40,0.37,2.05,lb/ft
1,25,1.315,0.179,2.17,XS,80,0.3,2.47,lb/ft
1,25,1.315,0.25,2.85,,160,0.22,3.07,lb/ft
1,25,1.315,0.358,3.66,XXS,,0.12,3.78,lb/ft
1+1/4,32,1.66,0.065,1.11,,5,0.79,1.9,lb/ft
1+1/4,32,1.66,0.109,1.81,,10,0.7,2.51,lb/ft
1+1/4,32,1.66,0.117,1.93,,30,0.68,2.61,lb/ft
1+1/4,32,1.66,0.14,2.27,STD,40,0.64,2.91,lb/ft
1+1/4,32,1.66,0.191,3,XS,80,0.55,3.55,lb/ft
1+1/4,32,1.66,0.25,3.77,,160,0.45,4.22,lb/ft
1+1/4,32,1.66,0.382,5.22,XXS,,0.27,5.49,lb/ft
1+1/2,40,1.9,0.065,1.28,,5,1.05,2.33,lb/ft
1+1/2,40,1.9,0.109,2.09,,10,0.95,3.04,lb/ft
1+1/2,40,1.9,0.125,2.37,,30,0.92,3.29,lb/ft
1+1/2,40,1.9,0.145,2.72,STD,40,0.87,3.59,lb/ft
1+1/2,40,1.9,0.2,3.63,XS,80,0.76,4.39,lb/ft
1+1/2,40,1.9,0.281,4.86,,160,0.6,5.46,lb/ft
1+1/2,40,1.9,0.4,6.41,XXS,,0.4,6.81,lb/ft
2,50,2.375,0.065,1.61,,5,1.7,3.31,lb/ft
2,50,2.375,0.083,2.03,,,1.64,3.67,lb/ft
2,50,2.375,0.109,2.64,,10,1.57,4.21,lb/ft
2,50,2.375,0.125,3.01,,30,1.52,4.53,lb/ft
2,50,2.375,0.141,3.37,,,1.48,4.85,lb/ft
2,50,2.375,0.154,3.66,STD,40,1.44,5.1,lb/ft
2,50,2.375,0.172,4.05,,,1.39,5.44,lb/ft
2,50,2.375,0.188,4.4,,,1.35,5.75,lb/ft
2,50,2.375,0.218,5.03,XS,80,1.27,6.3,lb/ft
2,50,2.375,0.25,5.68,,,1.18,6.86,lb/ft
2,50,2.375,0.281,6.29,,,1.11,7.4,lb/ft
2,50,2.375,0.344,7.47,,160,0.96,8.43,lb/ft
2,50,2.375,0.436,9.04,XXS,,0.76,9.8,lb/ft
2+1/2,65,2.875,0.083,2.48,,5,2.48,4.96,lb/ft
2+1/2,65,2.875,0.109,3.22,,,2.38,5.6,lb/ft
2+1/2,65,2.875,0.12,3.53,,10,2.34,5.87,lb/ft
2+1/2,65,2.875,0.125,3.67,,,2.32,5.99,lb/ft
2+1/2,65,2.875,0.141,4.12,,,2.27,6.39,lb/ft
2+1/2,65,2.875,0.156,4.53,,,2.22,6.75,lb/ft
2+1/2,65,2.875,0.172,4.97,,,2.16,7.13,lb/ft
2+1/2,65,2.875,0.188,5.4,,30,2.11,7.51,lb/ft
2+1/2,65,2.875,0.203,5.8,STD,40,2.06,7.86,lb/ft
2+1/2,65,2.875,0.216,6.14,,,2.01,8.15,lb/ft
2+1/2,65,2.875,0.25,7.02,,,1.9,8.92,lb/ft
2+1/2,65,2.875,0.276,7.67,XS,80,1.82,9.49,lb/ft
2+1/2,65,2.875,0.375,10.02,,160,1.52,11.54,lb/ft
2+1/2,65,2.875,0.552,13.71,XXS,,1.06,14.77,lb/ft
3,80,3.5,0.083,3.03,,5,3.75,6.78,lb/ft
3,80,3.5,0.109,3.95,,,3.64,7.59,lb/ft
3,80,3.5,0.12,4.34,,10,3.59,7.93,lb/ft
3,80,3.5,0.125,4.51,,,3.56,8.07,lb/ft
3,80,3.5,0.141,5.06,,,3.5,8.56,lb/ft
3,80,3.5,0.156,5.58,,,3.43,9.01,lb/ft
3,80,3.5,0.172,6.12,,,3.36,9.48,lb/ft
3,80,3.5,0.188,6.66,,30,3.29,9.95,lb/ft
3,80,3.5,0.216,7.58,STD,40,3.18,10.76,lb/ft
3,80,3.5,0.25,8.69,,,3.04,11.73,lb/ft
3,80,3.5,0.281,9.67,,,2.91,12.58,lb/ft
3,80,3.5,0.3,10.26,XS,80,2.84,13.1,lb/ft
3,80,3.5,0.438,14.34,,160,2.32,16.66,lb/ft
3,80,3.5,0.6,18.6,XXS,,1.78,20.38,lb/ft
3+1/2,90,4,0.083,3.48,,5,4.96,8.44,lb/ft
3+1/2,90,4,0.109,4.53,,,4.83,9.36,lb/ft
3+1/2,90,4,0.12,4.98,,10,4.77,9.75,lb/ft
3+1/2,90,4,0.125,5.18,,,4.75,9.93,lb/ft
3+1/2,90,4,0.141,5.82,,,4.67,10.49,lb/ft
3+1/2,90,4,0.156,6.41,,,4.59,11,lb/ft
3+1/2,90,4,0.172,7.04,,,4.51,11.55,lb/ft
3+1/2,90,4,0.188,7.66,,30,4.43,12.09,lb/ft
3+1/2,90,4,0.226,9.12,STD,40,4.25,13.37,lb/ft
3+1/2,90,4,0.25,10.02,,,4.14,14.16,lb/ft
3+1/2,90,4,0.281,11.17,,,3.99,15.16,lb/ft
3+1/2,90,4,0.318,12.52,XS,80,3.82,16.34,lb/ft
4,100,4.5,0.083,3.92,,5,6.34,10.26,lb/ft
4,100,4.5,0.109,5.12,,,6.19,11.31,lb/ft
4,100,4.5,0.12,5.62,,10,6.13,11.75,lb/ft
4,100,4.5,0.125,5.85,,,6.1,11.95,lb/ft
4,100,4.5,0.141,6.57,,,6.01,12.58,lb/ft
4,100,4.5,0.156,7.24,,,5.92,13.16,lb/ft
4,100,4.5,0.172,7.96,,,5.83,13.79,lb/ft
4,100,4.5,0.188,8.67,,30,5.74,14.41,lb/ft
4,100,4.5,0.203,9.32,,,5.66,14.98,lb/ft
4,100,4.5,0.219,10.02,,,5.57,15.59,lb/ft
4,100,4.5,0.237,10.8,STD,40,5.47,16.27,lb/ft
4,100,4.5,0.25,11.36,,,5.4,16.76,lb/ft
4,100,4.5,0.281,12.67,,,5.24,17.91,lb/ft
4,100,4.5,0.312,13.97,,,5.07,19.04,lb/ft
4,100,4.5,0.337,15,XS,80,4.94,19.94,lb/ft
4,100,4.5,0.438,19.02,,120,4.43,23.45,lb/ft
4,100,4.5,0.531,22.53,,160,3.99,26.52,lb/ft
4,100,4.5,0.674,27.57,XXS,,3.35,30.92,lb/ft
5,125,5.563,0.083,4.86,,,9.84,14.7,lb/ft
5,125,5.563,0.109,6.36,,5,9.65,16.01,lb/ft
5,125,5.563,0.125,7.27,,,9.54,16.81,lb/ft
5,125,5.563,0.134,7.78,,10,9.47,17.25,lb/ft
5,125,5.563,0.156,9.02,,,9.31,18.33,lb/ft
5,125,5.563,0.188,10.8,,,9.09,19.89,lb/ft
5,125,5.563,0.219,12.51,,,8.87,21.38,lb/ft
5,125,5.563,0.258,14.63,STD,40,8.6,23.23,lb/ft
5,125,5.563,0.281,15.87,,,8.45,24.32,lb/ft
5,125,5.563,0.312,17.51,,,8.24,25.75,lb/ft
5,125,5.563,0.344,19.19,,,8.03,27.22,lb/ft
5,125,5.563,0.375,20.8,XS,80,7.82,28.62,lb/ft
5,125,5.563,0.5,27.06,,120,7.03,34.09,lb/ft
5,125,5.563,0.625,32.99,,160,6.28,39.27,lb/ft
5,125,5.563,0.75,38.59,XXS,,5.57,44.16,lb/ft
6,150,6.625,0.083,5.8,,,14.1,19.9,lb/ft
6,150,6.625,0.109,7.59,,5,13.87,21.46,lb/ft
6,150,6.625,0.125,8.69,,,13.73,22.42,lb/ft
6,150,6.625,0.134,9.3,,10,13.65,22.95,lb/ft
6,150,6.625,0.141,9.77,,,13.59,23.36,lb/ft
6,150,6.625,0.156,10.79,,,13.47,24.26,lb/ft
6,150,6.625,0.172,11.87,,,13.33,25.2,lb/ft
6,150,6.625,0.188,12.94,,,13.19,26.13,lb/ft
6,150,6.625,0.203,13.94,,,13.07,27.01,lb/ft
6,150,6.625,0.219,15,,,12.93,27.93,lb/ft
6,150,6.625,0.25,17.04,,,12.67,29.71,lb/ft
6,150,6.625,0.28,18.99,STD,40,12.43,31.42,lb/ft
6,150,6.625,0.312,21.06,,,12.17,33.23,lb/ft
6,150,6.625,0.344,23.1,,,11.91,35.01,lb/ft
6,150,6.625,0.375,25.05,,,11.66,36.71,lb/ft
6,150,6.625,0.432,28.6,XS,80,11.21,39.81,lb/ft
6,150,6.625,0.5,32.74,,,10.69,43.43,lb/ft
6,150,6.625,0.562,36.43,,120,10.22,46.65,lb/ft
6,150,6.625,0.625,40.09,,,9.76,49.85,lb/ft
6,150,6.625,0.719,45.39,,160,9.09,54.48,lb/ft
6,150,6.625,0.75,47.1,,,8.87,55.97,lb/ft
6,150,6.625,0.864,53.21,XXS,,8.1,61.31,lb/ft
6,150,6.625,0.875,53.78,,,8.03,61.81,lb/ft
8,200,8.625,0.109,9.92,,5,23.88,33.8,lb/ft
8,200,8.625,0.125,11.36,,,23.7,35.06,lb/ft
8,200,8.625,0.148,13.41,,10,23.44,36.85,lb/ft
8,200,8.625,0.156,14.12,,,23.35,37.47,lb/ft
8,200,8.625,0.188,16.96,,,22.99,39.95,lb/ft
8,200,8.625,0.203,18.28,,,22.83,41.11,lb/ft
8,200,8.625,0.219,19.68,,,22.65,42.33,lb/ft
8,200,8.625,0.25,22.38,,20,22.31,44.69,lb/ft
8,200,8.625,0.277,24.72,,30,22.01,46.73,lb/ft
8,200,8.625,0.312,27.73,,,21.63,49.36,lb/ft
8,200,8.625,0.322,28.58,STD,40,21.52,50.1,lb/ft
8,200,8.625,0.344,30.45,,,21.29,51.74,lb/ft
8,200,8.625,0.375,33.07,,,20.96,54.03,lb/ft
8,200,8.625,0.406,35.67,,60,20.63,56.3,lb/ft
8,200,8.625,0.438,38.33,,,20.29,58.62,lb/ft
8,200,8.625,0.5,43.43,XS,80,19.65,63.08,lb/ft
8,200,8.625,0.562,48.44,,,19.01,67.45,lb/ft
8,200,8.625,0.594,51,,100,18.69,69.69,lb/ft
8,200,8.625,0.625,53.45,,,18.38,71.83,lb/ft
8,200,8.625,0.719,60.77,,120,17.45,78.22,lb/ft
8,200,8.625,0.75,63.14,,,17.15,80.29,lb/ft
8,200,8.625,0.812,67.82,,140,16.56,84.38,lb/ft
8,200,8.625,0.875,72.49,XXS,,15.97,88.46,lb/ft
8,200,8.625,0.906,74.76,,160,15.68,90.44,lb/ft
8,200,8.625,1,81.51,,,14.83,96.34,lb/ft
10,250,10.75,0.134,15.21,,5,37.13,52.34,lb/ft
10,250,10.75,0.156,17.67,,,36.82,54.49,lb/ft
10,250,10.75,0.165,18.67,,10,36.69,55.36,lb/ft
10,250,10.75,0.188,21.23,,,36.37,57.6,lb/ft
10,250,10.75,0.203,22.89,,,36.16,59.05,lb/ft
10,250,10.75,0.219,24.65,,,35.94,60.59,lb/ft
10,250,10.75,0.25,28.06,,20,35.5,63.56,lb/ft
10,250,10.75,0.279,31.23,,,35.1,66.33,lb/ft
10,250,10.75,0.307,34.27,,30,34.72,68.99,lb/ft
10,250,10.75,0.344,38.27,,,34.21,72.48,lb/ft
10,250,10.75,0.365,40.52,STD,40,33.93,74.45,lb/ft
10,250,10.75,0.438,48.28,,,32.95,81.23,lb/ft
10,250,10.75,0.5,54.79,XS,60,32.12,86.91,lb/ft
10,250,10.75,0.562,61.21,,,31.31,92.52,lb/ft
10,250,10.75,0.594,64.49,,80,30.9,95.39,lb/ft
10,250,10.75,0.625,67.65,,,30.5,98.15,lb/ft
10,250,10.75,0.719,77.1,,100,29.3,106.4,lb/ft
10,250,10.75,0.812,86.26,,,28.14,114.4,lb/ft
10,250,10.75,0.844,89.38,,120,27.75,117.13,lb/ft
10,250,10.75,0.875,92.37,,,27.37,119.74,lb/ft
10,250,10.75,0.938,98.39,,,26.61,125,lb/ft
10,250,10.75,1,104.23,XXS,140,25.87,130.1,lb/ft
10,250,10.75,1.125,115.75,,160,24.41,140.16,lb/ft
10,250,10.75,1.25,126.94,,,23,149.94,lb/ft
12,300,12.75,0.156,21,,5,52.28,73.28,lb/ft
12,300,12.75,0.172,23.13,,,52.01,75.14,lb/ft
12,300,12.75,0.18,24.19,,10,51.88,76.07,lb/ft
12,300,12.75,0.188,25.25,,,51.75,77,lb/ft
12,300,12.75,0.203,27.23,,,51.5,78.73,lb/ft
12,300,12.75,0.219,29.34,,,51.23,80.57,lb/ft
12,300,12.75,0.25,33.41,,20,50.71,84.12,lb/ft
12,300,12.75,0.281,37.46,,,50.2,87.66,lb/ft
12,300,12.75,0.312,41.48,,,49.69,91.17,lb/ft
12,300,12.75,0.33,43.81,,30,49.4,93.21,lb/ft
12,300,12.75,0.344,45.62,,,49.17,94.79,lb/ft
12,300,12.75,0.375,49.61,STD,,48.67,98.28,lb/ft
12,300,12.75,0.406,53.57,,40,48.16,101.73,lb/ft
12,300,12.75,0.438,57.65,,,47.65,105.3,lb/ft
12,300,12.75,0.5,65.48,XS,,46.66,112.14,lb/ft
12,300,12.75,0.562,73.22,,60,45.68,118.9,lb/ft
12,300,12.75,0.625,81.01,,,44.69,125.7,lb/ft
12,300,12.75,0.688,88.71,,80,43.72,132.43,lb/ft
12,300,12.75,0.75,96.21,,,42.77,138.98,lb/ft
12,300,12.75,0.812,103.63,,,41.83,145.46,lb/ft
12,300,12.75,0.844,107.42,,100,41.35,148.77,lb/ft
12,300,12.75,0.875,111.08,,,40.89,151.97,lb/ft
12,300,12.75,0.938,118.44,,,39.96,158.4,lb/ft
12,300,12.75,1,125.61,XXS,120,39.05,164.66,lb/ft
12,300,12.75,1.062,132.69,,,38.16,170.85,lb/ft
12,300,12.75,1.125,139.81,,140,37.26,177.07,lb/ft
12,300,12.75,1.25,153.67,,,35.5,189.17,lb/ft
12,300,12.75,1.312,160.42,,160,34.65,195.07,lb/ft
14,350,14,0.156,23.09,,5,63.32,86.41,lb/ft
14,350,14,0.188,27.76,,,62.73,90.49,lb/ft
14,350,14,0.203,29.94,,,62.45,92.39,lb/ft
14,350,14,0.21,30.96,,,62.33,93.29,lb/ft
14,350,14,0.219,32.26,,,62.16,94.42,lb/ft
14,350,14,0.25,36.75,,10,61.59,98.34,lb/ft
14,350,14,0.281,41.21,,,61.03,102.24,lb/ft
14,350,14,0.312,45.65,,20,60.47,106.12,lb/ft
14,350,14,0.344,50.22,,,59.89,110.11,lb/ft
14,350,14,0.375,54.62,STD,30,59.33,113.95,lb/ft
14,350,14,0.406,59,,,58.78,117.78,lb/ft
14,350,14,0.438,63.5,,40,58.21,121.71,lb/ft
14,350,14,0.469,67.84,,,57.66,125.5,lb/ft
14,350,14,0.5,72.16,XS,,57.11,129.27,lb/ft
14,350,14,0.562,80.73,,,56.03,136.76,lb/ft
14,350,14,0.594,85.13,,60,55.47,140.6,lb/ft
14,350,14,0.625,89.36,,,54.94,144.3,lb/ft
14,350,14,0.688,97.91,,,53.86,151.77,lb/ft
14,350,14,0.75,106.23,,80,52.81,159.04,lb/ft
14,350,14,0.812,114.48,,,51.76,166.24,lb/ft
14,350,14,0.875,122.77,,,50.71,173.48,lb/ft
14,350,14,0.938,130.98,,100,49.68,180.66,lb/ft
14,350,14,1,138.97,,,48.67,187.64,lb/ft
14,350,14,1.062,146.88,,,47.66,194.54,lb/ft
14,350,14,1.094,150.93,,120,47.15,198.08,lb/ft
14,350,14,1.125,154.84,,,46.66,201.5,lb/ft
14,350,14,1.25,170.37,,140,44.69,215.06,lb/ft
14,350,14,1.406,189.29,,160,42.3,231.59,lb/ft
14,350,14,2,256.56,,,33.79,290.35,lb/ft
14,350,14,2.125,269.76,,,32.12,301.88,lb/ft
14,350,14,2.2,277.51,,,31.14,308.65,lb/ft
14,350,14,2.5,307.34,,,27.37,334.71,lb/ft
16,400,16,0.165,27.93,,5,82.99,110.92,lb/ft
16,400,16,0.188,31.78,,,82.5,114.28,lb/ft
16,400,16,0.203,34.28,,,82.18,116.46,lb/ft
16,400,16,0.219,36.95,,,81.85,118.8,lb/ft
16,400,16,0.25,42.09,,10,81.2,123.29,lb/ft
16,400,16,0.281,47.22,,,80.55,127.77,lb/ft
16,400,16,0.312,52.32,,20,79.9,132.22,lb/ft
16,400,16,0.344,57.57,,,79.24,136.81,lb/ft
16,400,16,0.375,62.64,STD,30,78.6,141.24,lb/ft
16,400,16,0.406,67.68,,,77.96,145.64,lb/ft
16,400,16,0.438,72.86,,,77.3,150.16,lb/ft
16,400,16,0.469,77.87,,,76.67,154.54,lb/ft
16,400,16,0.5,82.85,XS,40,76.04,158.89,lb/ft
16,400,16,0.562,92.75,,,74.79,167.54,lb/ft
16,400,16,0.625,102.72,,,73.53,176.25,lb/ft
16,400,16,0.656,107.6,,60,72.91,180.51,lb/ft
16,400,16,0.688,112.62,,,72.28,184.9,lb/ft
16,400,16,0.75,122.27,,,71.06,193.33,lb/ft
16,400,16,0.812,131.84,,,69.85,201.69,lb/ft
16,400,16,0.844,136.74,,80,69.23,205.97,lb/ft
16,400,16,0.875,141.48,,,68.63,210.11,lb/ft
16,400,16,0.938,151.03,,,67.42,218.45,lb/ft
16,400,16,1,160.35,,,66.24,226.59,lb/ft
16,400,16,1.031,164.98,,100,65.65,230.63,lb/ft
16,400,16,1.062,169.59,,,65.07,234.66,lb/ft
16,400,16,1.125,178.89,,,63.9,242.79,lb/ft
16,400,16,1.188,188.11,,,62.73,250.84,lb/ft
16,400,16,1.219,192.61,,120,62.16,254.77,lb/ft
16,400,16,1.25,197.1,,,61.59,258.69,lb/ft
16,400,16,1.438,223.85,,140,58.21,282.06,lb/ft
16,400,16,1.594,245.48,,160,55.47,300.95,lb/ft
18,450,18,0.165,31.46,,5,105.52,136.98,lb/ft
18,450,18,0.188,35.8,,,104.98,140.78,lb/ft
18,450,18,0.219,41.63,,,104.24,145.87,lb/ft
18,450,18,0.25,47.44,,10,103.5,150.94,lb/ft
18,450,18,0.281,53.23,,,102.77,156,lb/ft
18,450,18,0.312,58.99,,20,102.04,161.03,lb/ft
18,450,18,0.344,64.93,,,101.29,166.22,lb/ft
18,450,18,0.375,70.65,STD,,100.57,171.22,lb/ft
18,450,18,0.406,76.36,,,99.85,176.21,lb/ft
18,450,18,0.438,82.23,,30,99.1,181.33,lb/ft
18,450,18,0.469,87.89,,,98.39,186.28,lb/ft
18,450,18,0.5,93.54,XS,,97.67,191.21,lb/ft
18,450,18,0.562,104.76,,40,96.25,201.01,lb/ft
18,450,18,0.625,116.09,,,94.82,210.91,lb/ft
18,450,18,0.688,127.32,,,93.4,220.72,lb/ft
18,450,18,0.75,138.3,,60,92.01,230.31,lb/ft
18,450,18,0.812,149.2,,,90.63,239.83,lb/ft
18,450,18,0.875,160.18,,,89.24,249.42,lb/ft
18,450,18,0.938,171.08,,80,87.87,258.95,lb/ft
18,450,18,1,181.73,,,86.52,268.25,lb/ft
18,450,18,1.062,192.29,,,85.18,277.47,lb/ft
18,450,18,1.125,202.94,,,83.84,286.78,lb/ft
18,450,18,1.156,208.15,,100,83.18,291.33,lb/ft
18,450,18,1.188,213.51,,,82.5,296.01,lb/ft
18,450,18,1.25,223.82,,,81.2,305.02,lb/ft
18,450,18,1.375,244.37,,120,78.6,322.97,lb/ft
18,450,18,1.562,274.48,,140,74.79,349.27,lb/ft
18,450,18,1.781,308.79,,160,70.45,379.24,lb/ft
20,500,20,0.188,39.82,,5,130.15,169.97,lb/ft
20,500,20,0.219,46.31,,,129.33,175.64,lb/ft
20,500,20,0.25,52.78,,10,128.51,181.29,lb/ft
20,500,20,0.281,59.23,,,127.7,186.93,lb/ft
20,500,20,0.312,65.66,,,126.88,192.54,lb/ft
20,500,20,0.344,72.28,,,126.05,198.33,lb/ft
20,500,20,0.375,78.67,STD,20,125.24,203.91,lb/ft
20,500,20,0.406,85.04,,,124.43,209.47,lb/ft
20,500,20,0.438,91.59,,,123.61,215.2,lb/ft
20,500,20,0.469,97.92,,,122.81,220.73,lb/ft
20,500,20,0.5,104.23,XS,30,122.01,226.24,lb/ft
20,500,20,0.562,116.78,,,120.42,237.2,lb/ft
20,500,20,0.594,123.23,,40,119.61,242.84,lb/ft
20,500,20,0.625,129.45,,,118.82,248.27,lb/ft
20,500,20,0.688,142.03,,,117.23,259.26,lb/ft
20,500,20,0.75,154.34,,,115.67,270.01,lb/ft
20,500,20,0.812,166.56,,60,114.13,280.69,lb/ft
20,500,20,0.875,178.89,,,112.57,291.46,lb/ft
20,500,20,0.938,191.14,,,111.02,302.16,lb/ft
20,500,20,1,203.11,,,109.5,312.61,lb/ft
20,500,20,1.031,209.06,,80,108.75,317.81,lb/ft
20,500,20,1.062,215,,,108,323,lb/ft
20,500,20,1.125,227,,,106.48,333.48,lb/ft
20,500,20,1.188,238.91,,,104.98,343.89,lb/ft
20,500,20,1.25,250.55,,,103.5,354.05,lb/ft
20,500,20,1.281,256.34,,100,102.77,359.11,lb/ft
20,500,20,1.312,262.1,,,102.04,364.14,lb/ft
20,500,20,1.375,273.76,,,100.57,374.33,lb/ft
20,500,20,1.5,296.65,,120,97.67,394.32,lb/ft
20,500,20,1.75,341.41,,140,92.01,433.42,lb/ft
20,500,20,1.969,379.53,,160,87.19,466.72,lb/ft
22,550,22,0.188,43.84,,5,158.04,201.88,lb/ft
22,550,22,0.219,50.99,,,157.13,208.12,lb/ft
22,550,22,0.25,58.13,,10,156.23,214.36,lb/ft
22,550,22,0.281,65.24,,,155.33,220.57,lb/ft
22,550,22,0.312,72.34,,,154.43,226.77,lb/ft
22,550,22,0.344,79.64,,,153.51,233.15,lb/ft
22,550,22,0.375,86.69,STD,20,152.62,239.31,lb/ft
22,550,22,0.406,93.72,,,151.73,245.45,lb/ft
22,550,22,0.438,100.96,,,150.81,251.77,lb/ft
22,550,22,0.469,107.95,,,149.93,257.88,lb/ft
22,550,22,0.5,114.92,XS,30,149.05,263.97,lb/ft
22,550,22,0.562,128.79,,,147.29,276.08,lb/ft
22,550,22,0.625,142.81,,,145.52,288.33,lb/ft
22,550,22,0.688,156.74,,,143.76,300.5,lb/ft
22,550,22,0.75,170.37,,,142.03,312.4,lb/ft
22,550,22,0.812,183.92,,,140.32,324.24,lb/ft
22,550,22,0.875,197.6,,60,138.59,336.19,lb/ft
22,550,22,0.938,211.19,,,136.87,348.06,lb/ft
22,550,22,1,224.49,,,135.19,359.68,lb/ft
22,550,22,1.062,237.7,,,133.52,371.22,lb/ft
22,550,22,1.125,251.05,,80,131.83,382.88,lb/ft
22,550,22,1.188,264.31,,,130.15,394.46,lb/ft
22,550,22,1.25,277.27,,,128.51,405.78,lb/ft
22,550,22,1.312,290.15,,,126.88,417.03,lb/ft
22,550,22,1.375,303.16,,100,125.24,428.4,lb/ft
22,550,22,1.438,316.08,,,123.61,439.69,lb/ft
22,550,22,1.5,328.72,,,122.01,450.73,lb/ft
22,550,22,1.625,353.94,,120,118.82,472.76,lb/ft
22,550,22,1.875,403.38,,140,112.57,515.95,lb/ft
22,550,22,2.125,451.49,,160,106.48,557.97,lb/ft
24,600,24,0.218,55.42,,5,187.67,243.09,lb/ft
24,600,24,0.25,63.47,,10,186.65,250.12,lb/ft
24,600,24,0.281,71.25,,,185.66,256.91,lb/ft
24,600,24,0.312,79.01,,,184.68,263.69,lb/ft
24,600,24,0.344,86.99,,,183.67,270.66,lb/ft
24,600,24,0.375,94.71,STD,20,182.7,277.41,lb/ft
24,600,24,0.406,102.4,,,181.72,284.12,lb/ft
24,600,24,0.438,110.32,,,180.72,291.04,lb/ft
24,600,24,0.469,117.98,,,179.75,297.73,lb/ft
24,600,24,0.5,125.61,XS,,178.79,304.4,lb/ft
24,600,24,0.562,140.81,,30,176.87,317.68,lb/ft
24,600,24,0.625,156.17,,,174.92,331.09,lb/ft
24,600,24,0.688,171.45,,40,172.99,344.44,lb/ft
24,600,24,0.75,186.41,,,171.1,357.51,lb/ft
24,600,24,0.812,201.28,,,169.22,370.5,lb/ft
24,600,24,0.875,216.31,,,167.32,383.63,lb/ft
24,600,24,0.938,231.25,,,165.43,396.68,lb/ft
24,600,24,0.969,238.57,,60,164.5,403.07,lb/ft
24,600,24,1,245.87,,,163.58,409.45,lb/ft
24,600,24,1.062,260.41,,,161.74,422.15,lb/ft
24,600,24,1.125,275.1,,,159.88,434.98,lb/ft
24,600,24,1.188,289.71,,,158.04,447.75,lb/ft
24,600,24,1.219,296.86,,80,157.13,453.99,lb/ft
24,600,24,1.25,304,,,156.23,460.23,lb/ft
24,600,24,1.312,318.21,,,154.43,472.64,lb/ft
24,600,24,1.375,332.56,,,152.62,485.18,lb/ft
24,600,24,1.438,346.83,,,150.81,497.64,lb/ft
24,600,24,1.5,360.79,,,149.05,509.84,lb/ft
24,600,24,1.531,367.74,,100,148.17,515.91,lb/ft
24,600,24,1.562,374.66,,,147.29,521.95,lb/ft
24,600,24,1.812,429.79,,120,140.32,570.11,lb/ft
24,600,24,2.062,483.57,,140,133.52,617.09,lb/ft
24,600,24,2.344,542.64,,160,126.05,668.69,lb/ft
26,650,26,0.25,68.82,,,219.77,288.59,lb/ft
26,650,26,0.281,77.26,,,218.7,295.96,lb/ft
26,650,26,0.312,85.68,,10,217.64,303.32,lb/ft
26,650,26,0.344,94.35,,,216.54,310.89,lb/ft
26,650,26,0.375,102.72,STD,,215.48,318.2,lb/ft
26,650,26,0.406,111.08,,,214.43,325.51,lb/ft
26,650,26,0.438,119.69,,,213.34,333.03,lb/ft
26,650,26,0.469,128,,,212.29,340.29,lb/ft
26,650,26,0.5,136.3,XS,20,211.24,347.54,lb/ft
26,650,26,0.562,152.83,,,209.15,361.98,lb/ft
26,650,26,0.625,169.54,,,207.03,376.57,lb/ft
26,650,26,0.688,186.16,,,204.93,391.09,lb/ft
26,650,26,0.75,202.44,,,202.87,405.31,lb/ft
26,650,26,0.812,218.64,,,200.82,419.46,lb/ft
26,650,26,0.875,235.01,,,198.75,433.76,lb/ft
26,650,26,0.938,251.3,,,196.69,447.99,lb/ft
26,650,26,1,267.25,,,194.68,461.93,lb/ft
28,700,28,0.25,74.16,,,255.6,329.76,lb/ft
28,700,28,0.281,83.26,,,254.45,337.71,lb/ft
28,700,28,0.312,92.35,,10,253.3,345.65,lb/ft
28,700,28,0.344,101.7,,,252.11,353.81,lb/ft
28,700,28,0.375,110.74,STD,,250.97,361.71,lb/ft
28,700,28,0.406,119.76,,,249.83,369.59,lb/ft
28,700,28,0.438,129.05,,,248.66,377.71,lb/ft
28,700,28,0.469,138.03,,,247.52,385.55,lb/ft
28,700,28,0.5,146.99,XS,20,246.39,393.38,lb/ft
28,700,28,0.562,164.84,,,244.13,408.97,lb/ft
28,700,28,0.625,182.9,,30,241.85,424.75,lb/ft
28,700,28,0.688,200.87,,,239.57,440.44,lb/ft
28,700,28,0.75,218.48,,,237.35,455.83,lb/ft
28,700,28,0.812,236,,,235.13,471.13,lb/ft
28,700,28,0.875,253.72,,,232.89,486.61,lb/ft
28,700,28,0.938,271.36,,,230.66,502.02,lb/ft
28,700,28,1,288.63,,,228.47,517.1,lb/ft
30,750,30,0.25,79.51,,5,294.13,373.64,lb/ft
30,750,30,0.281,89.27,,,292.89,382.16,lb/ft
30,750,30,0.312,99.02,,10,291.66,390.68,lb/ft
30,750,30,0.344,109.06,,,290.39,399.45,lb/ft
30,750,30,0.375,118.76,STD,,289.16,407.92,lb/ft
30,750,30,0.406,128.44,,,287.94,416.38,lb/ft
30,750,30,0.438,138.42,,,286.68,425.1,lb/ft
30,750,30,0.469,148.06,,,285.46,433.52,lb/ft
30,750,30,0.5,157.68,XS,20,284.24,441.92,lb/ft
30,750,30,0.562,176.86,,,281.82,458.68,lb/ft
30,750,30,0.625,196.26,,30,279.36,475.62,lb/ft
30,750,30,0.688,215.58,,,276.92,492.5,lb/ft
30,750,30,0.75,234.51,,,274.52,509.03,lb/ft
30,750,30,0.812,253.36,,,272.14,525.5,lb/ft
30,750,30,0.875,272.43,,,269.73,542.16,lb/ft
30,750,30,0.938,291.41,,,267.33,558.74,lb/ft
30,750,30,1,310.01,,,264.98,574.99,lb/ft
30,750,30,1.062,328.53,,,262.63,591.16,lb/ft
30,750,30,1.125,347.26,,,260.27,607.53,lb/ft
30,750,30,1.188,365.9,,,257.91,623.81,lb/ft
30,750,30,1.25,384.17,,,255.6,639.77,lb/ft
32,800,32,0.25,84.85,,,335.36,420.21,lb/ft
32,800,32,0.281,95.28,,,334.04,429.32,lb/ft
32,800,32,0.312,105.69,,10,332.73,438.42,lb/ft
32,800,32,0.344,116.41,,,331.37,447.78,lb/ft
32,800,32,0.375,126.78,STD,,330.06,456.84,lb/ft
32,800,32,0.406,137.12,,,328.75,465.87,lb/ft
32,800,32,0.438,147.78,,,327.4,475.18,lb/ft
32,800,32,0.469,158.08,,,326.1,484.18,lb/ft
32,800,32,0.5,168.37,XS,20,324.8,493.17,lb/ft
32,800,32,0.562,188.87,,,322.21,511.08,lb/ft
32,800,32,0.625,209.62,,30,319.58,529.2,lb/ft
32,800,32,0.688,230.29,,40,316.97,547.26,lb/ft
32,800,32,0.75,250.55,,,314.41,564.96,lb/ft
32,800,32,0.812,270.72,,,311.86,582.58,lb/ft
32,800,32,0.875,291.14,,,309.27,600.41,lb/ft
32,800,32,0.938,311.47,,,306.7,618.17,lb/ft
32,800,32,1,331.39,,,304.18,635.57,lb/ft
32,800,32,1.062,351.23,,,301.67,652.9,lb/ft
32,800,32,1.125,371.31,,,299.13,670.44,lb/ft
32,800,32,1.188,391.3,,,296.61,687.91,lb/ft
32,800,32,1.25,410.9,,,294.13,705.03,lb/ft
34,850,34,0.25,90.2,,,379.3,469.5,lb/ft
34,850,34,0.281,101.29,,,377.9,479.19,lb/ft
34,850,34,0.312,112.36,,10,376.5,488.86,lb/ft
34,850,34,0.344,123.77,,,375.05,498.82,lb/ft
34,850,34,0.375,134.79,STD,,373.66,508.45,lb/ft
34,850,34,0.406,145.8,,,372.27,518.07,lb/ft
34,850,34,0.438,157.14,,,370.83,527.97,lb/ft
34,850,34,0.469,168.11,,,369.45,537.56,lb/ft
34,850,34,0.5,179.06,XS,20,368.06,547.12,lb/ft
34,850,34,0.562,200.89,,,365.3,566.19,lb/ft
34,850,34,0.625,222.99,,30,362.51,585.5,lb/ft
34,850,34,0.688,245,,40,359.72,604.72,lb/ft
34,850,34,0.75,266.58,,,356.99,623.57,lb/ft
34,850,34,0.812,288.08,,,354.27,642.35,lb/ft
34,850,34,0.875,309.84,,,351.52,661.36,lb/ft
34,850,34,0.938,331.52,,,348.78,680.3,lb/ft
34,850,34,1,352.77,,,346.09,698.86,lb/ft
34,850,34,1.062,373.94,,,343.42,717.36,lb/ft
34,850,34,1.125,395.36,,,340.71,736.07,lb/ft
34,850,34,1.188,416.7,,,338.01,754.71,lb/ft
34,850,34,1.25,437.62,,,335.36,772.98,lb/ft
36,900,36,0.25,95.54,,,425.94,521.48,lb/ft
36,900,36,0.281,107.3,,,424.46,531.76,lb/ft
36,900,36,0.312,119.03,,10,422.97,542,lb/ft
36,900,36,0.344,131.12,,,421.44,552.56,lb/ft
36,900,36,0.375,142.81,STD,,419.96,562.77,lb/ft
36,900,36,0.406,154.48,,,418.49,572.97,lb/ft
36,900,36,0.438,166.51,,,416.97,583.48,lb/ft
36,900,36,0.469,178.14,,,415.5,593.64,lb/ft
36,900,36,0.5,189.75,XS,20,414.03,603.78,lb/ft
36,900,36,0.562,212.9,,,411.1,624,lb/ft
36,900,36,0.625,236.35,,30,408.13,644.48,lb/ft
36,900,36,0.688,259.71,,,405.18,664.89,lb/ft
36,900,36,0.75,282.62,,40,402.28,684.9,lb/ft
36,900,36,0.812,305.44,,,399.4,704.84,lb/ft
36,900,36,0.875,328.55,,,396.47,725.02,lb/ft
36,900,36,0.938,351.57,,,393.56,745.13,lb/ft
36,900,36,1,374.15,,,390.71,764.86,lb/ft
36,900,36,1.062,396.64,,,387.86,784.5,lb/ft
36,900,36,1.125,419.42,,,384.98,804.4,lb/ft
36,900,36,1.188,442.1,,,382.11,824.21,lb/ft
36,900,36,1.25,464.35,,,379.3,843.65,lb/ft
38,950,38,0.312,125.7,,,472.15,597.85,lb/ft
38,950,38,0.344,138.47,,,470.53,609,lb/ft
38,950,38,0.375,150.83,STD,,468.97,619.8,lb/ft
38,950,38,0.406,163.16,,,467.41,630.57,lb/ft
38,950,38,0.438,175.87,,,465.8,641.67,lb/ft
38,950,38,0.469,188.17,,,464.25,652.42,lb/ft
38,950,38,0.5,200.44,XS,,462.7,663.14,lb/ft
38,950,38,0.562,224.92,,,459.6,684.52,lb/ft
38,950,38,0.625,249.71,,,456.47,706.18,lb/ft
38,950,38,0.688,274.42,,,453.34,727.76,lb/ft
38,950,38,0.75,298.65,,,450.28,748.93,lb/ft
38,950,38,0.812,322.8,,,447.22,770.02,lb/ft
38,950,38,0.875,347.26,,,444.13,791.39,lb/ft
38,950,38,0.938,371.63,,,441.05,812.68,lb/ft
38,950,38,1,395.53,,,438.03,833.56,lb/ft
38,950,38,1.062,419.35,,,435.01,854.36,lb/ft
38,950,38,1.125,443.47,,,431.96,875.43,lb/ft
38,950,38,1.188,467.5,,,428.92,896.42,lb/ft
38,950,38,1.25,491.07,,,425.94,917.01,lb/ft
40,1000,40,0.312,132.37,,,524.03,656.4,lb/ft
40,1000,40,0.344,145.83,,,522.33,668.16,lb/ft
40,1000,40,0.375,158.85,STD,,520.68,679.53,lb/ft
40,1000,40,0.406,171.84,,,519.04,690.88,lb/ft
40,1000,40,0.438,185.24,,,517.35,702.59,lb/ft
40,1000,40,0.469,198.19,,,515.71,713.9,lb/ft
40,1000,40,0.5,211.13,XS,,514.07,725.2,lb/ft
40,1000,40,0.562,236.93,,,510.81,747.74,lb/ft
40,1000,40,0.625,263.07,,,507.5,770.57,lb/ft
40,1000,40,0.688,289.13,,,504.21,793.34,lb/ft
40,1000,40,0.75,314.69,,,500.97,815.66,lb/ft
40,1000,40,0.812,340.16,,,497.75,837.91,lb/ft
40,1000,40,0.875,365.97,,,494.49,860.46,lb/ft
40,1000,40,0.938,391.68,,,491.24,882.92,lb/ft
40,1000,40,1,416.91,,,488.05,904.96,lb/ft
40,1000,40,1.062,442.05,,,484.87,926.92,lb/ft
40,1000,40,1.125,467.52,,,481.65,949.17,lb/ft
40,1000,40,1.188,492.9,,,478.44,971.34,lb/ft
40,1000,40,1.25,517.8,,,475.29,993.09,lb/ft
42,1050,42,0.344,153.18,,,576.83,730.01,lb/ft
42,1050,42,0.375,166.86,STD,,575.1,741.96,lb/ft
42,1050,42,0.406,180.52,,,573.37,753.89,lb/ft
42,1050,42,0.438,194.6,,,571.59,766.19,lb/ft
42,1050,42,0.469,208.22,,,569.87,778.09,lb/ft
42,1050,42,0.5,221.82,XS,,568.15,789.97,lb/ft
42,1050,42,0.562,248.95,,,564.72,813.67,lb/ft
42,1050,42,0.625,276.44,,,561.24,837.68,lb/ft
42,1050,42,0.688,303.84,,,557.78,861.62,lb/ft
42,1050,42,0.75,330.72,,,554.38,885.1,lb/ft
42,1050,42,0.812,357.52,,,550.99,908.51,lb/ft
42,1050,42,0.875,384.67,,,547.55,932.22,lb/ft
42,1050,42,0.938,411.74,,,544.13,955.87,lb/ft
42,1050,42,1,438.29,,,540.77,979.06,lb/ft
42,1050,42,1.062,464.76,,,537.43,1002.19,lb/ft
42,1050,42,1.125,491.57,,,534.03,1025.6,lb/ft
42,1050,42,1.188,518.3,,,530.65,1048.95,lb/ft
42,1050,42,1.25,544.52,,,527.34,1071.86,lb/ft
44,1100,44,0.344,160.54,,,634.03,794.57,lb/ft
44,1100,44,0.375,174.88,STD,,632.22,807.1,lb/ft
44,1100,44,0.406,189.2,,,630.41,819.61,lb/ft
44,1100,44,0.438,203.97,,,628.54,832.51,lb/ft
44,1100,44,0.469,218.25,,,626.73,844.98,lb/ft
44,1100,44,0.5,232.51,XS,,624.93,857.44,lb/ft
44,1100,44,0.562,260.97,,,621.33,882.3,lb/ft
44,1100,44,0.625,289.8,,,617.69,907.49,lb/ft
44,1100,44,0.688,318.55,,,614.05,932.6,lb/ft
44,1100,44,0.75,346.76,,,610.48,957.24,lb/ft
44,1100,44,0.812,374.88,,,606.93,981.81,lb/ft
44,1100,44,0.875,403.38,,,603.32,1006.7,lb/ft
44,1100,44,0.938,431.79,,,599.73,1031.52,lb/ft
44,1100,44,1,459.67,,,596.2,1055.87,lb/ft
44,1100,44,1.062,487.47,,,592.69,1080.16,lb/ft
44,1100,44,1.125,515.63,,,589.13,1104.76,lb/ft
44,1100,44,1.188,543.7,,,585.58,1129.28,lb/ft
44,1100,44,1.25,571.25,,,582.09,1153.34,lb/ft
46,1150,46,0.344,167.89,,,693.94,861.83,lb/ft
46,1150,46,0.375,182.9,STD,,692.04,874.94,lb/ft
46,1150,46,0.406,197.88,,,690.15,888.03,lb/ft
46,1150,46,0.438,213.33,,,688.19,901.52,lb/ft
46,1150,46,0.469,228.27,,,686.3,914.57,lb/ft
46,1150,46,0.5,243.2,XS,,684.42,927.62,lb/ft
46,1150,46,0.562,272.98,,,680.65,953.63,lb/ft
46,1150,46,0.625,303.16,,,676.83,979.99,lb/ft
46,1150,46,0.688,333.26,,,673.03,1006.29,lb/ft
46,1150,46,0.75,362.79,,,669.29,1032.08,lb/ft
46,1150,46,0.812,392.24,,,665.57,1057.81,lb/ft
46,1150,46,0.875,422.09,,,661.79,1083.88,lb/ft
46,1150,46,0.938,451.85,,,658.03,1109.88,lb/ft
46,1150,46,1,481.05,,,654.34,1135.39,lb/ft
46,1150,46,1.062,510.17,,,650.65,1160.82,lb/ft
46,1150,46,1.125,539.68,,,646.92,1186.6,lb/ft
46,1150,46,1.188,569.1,,,643.2,1212.3,lb/ft
46,1150,46,1.25,597.97,,,639.55,1237.52,lb/ft
48,1200,48,0.344,175.25,,,756.55,931.8,lb/ft
48,1200,48,0.375,190.92,STD,,754.57,945.49,lb/ft
48,1200,48,0.406,206.56,,,752.59,959.15,lb/ft
48,1200,48,0.438,222.7,,,750.55,973.25,lb/ft
48,1200,48,0.469,238.3,,,748.58,986.88,lb/ft
48,1200,48,0.5,253.89,XS,,746.61,1000.5,lb/ft
48,1200,48,0.562,285,,,742.67,1027.67,lb/ft
48,1200,48,0.625,316.52,,,738.68,1055.2,lb/ft
48,1200,48,0.688,347.97,,,734.71,1082.68,lb/ft
48,1200,48,0.75,378.83,,,730.81,1109.64,lb/ft
48,1200,48,0.812,409.61,,,726.91,1136.52,lb/ft
48,1200,48,0.875,440.8,,,722.97,1163.77,lb/ft
48,1200,48,0.938,471.9,,,719.03,1190.93,lb/ft
48,1200,48,1,502.43,,,715.17,1217.6,lb/ft
48,1200,48,1.062,532.88,,,711.32,1244.2,lb/ft
48,1200,48,1.125,563.73,,,707.42,1271.15,lb/ft
48,1200,48,1.188,594.5,,,703.53,1298.03,lb/ft
48,1200,48,1.25,624.7,,,699.71,1324.41,lb/ft
52,1300,52,0.375,206.95,,,887.74,1094.69,lb/ft
52,1300,52,0.406,223.93,,,885.59,1109.52,lb/ft
52,1300,52,0.438,241.42,,,883.38,1124.8,lb/ft
52,1300,52,0.469,258.36,,,881.24,1139.6,lb/ft
52,1300,52,0.5,275.27,,,879.1,1154.37,lb/ft
52,1300,52,0.562,309.03,,,874.83,1183.86,lb/ft
52,1300,52,0.625,343.25,,,870.5,1213.75,lb/ft
52,1300,52,0.688,377.39,,,866.18,1243.57,lb/ft
52,1300,52,0.75,410.9,,,861.94,1272.84,lb/ft
52,1300,52,0.812,444.33,,,857.72,1302.05,lb/ft
52,1300,52,0.875,478.21,,,853.43,1331.64,lb/ft
52,1300,52,0.938,512.01,,,849.16,1361.17,lb/ft
52,1300,52,1,545.19,,,844.96,1390.15,lb/ft
52,1300,52,1.062,578.29,,,840.77,1419.06,lb/ft
52,1300,52,1.125,611.84,,,836.53,1448.37,lb/ft
52,1300,52,1.188,645.3,,,832.3,1477.6,lb/ft
52,1300,52,1.25,678.15,,,828.15,1506.3,lb/ft
56,1400,56,0.375,222.99,,,1031.72,1254.71,lb/ft
56,1400,56,0.406,241.29,,,1029.4,1270.69,lb/ft
56,1400,56,0.438,260.15,,,1027.02,1287.17,lb/ft
56,1400,56,0.469,278.41,,,1024.71,1303.12,lb/ft
56,1400,56,0.5,296.65,,,1022.4,1319.05,lb/ft
56,1400,56,0.562,333.06,,,1017.8,1350.86,lb/ft
56,1400,56,0.625,369.97,,,1013.13,1383.1,lb/ft
56,1400,56,0.688,406.8,,,1008.47,1415.27,lb/ft
56,1400,56,0.75,442.97,,,1003.9,1446.87,lb/ft
56,1400,56,0.812,479.05,,,999.34,1478.39,lb/ft
56,1400,56,0.875,515.63,,,994.71,1510.34,lb/ft
56,1400,56,0.938,552.12,,,990.09,1542.21,lb/ft
56,1400,56,1,587.95,,,985.56,1573.51,lb/ft
56,1400,56,1.062,623.7,,,981.04,1604.74,lb/ft
56,1400,56,1.125,659.94,,,976.46,1636.4,lb/ft
56,1400,56,1.188,696.1,,,971.89,1667.99,lb/ft
56,1400,56,1.25,731.6,,,967.4,1699,lb/ft
60,1500,60,0.375,239.02,,,1186.52,1425.54,lb/ft
60,1500,60,0.406,258.65,,,1184.03,1442.68,lb/ft
60,1500,60,0.438,278.88,,,1181.48,1460.36,lb/ft
60,1500,60,0.469,298.47,,,1179,1477.47,lb/ft
60,1500,60,0.5,318.03,,,1176.52,1494.55,lb/ft
60,1500,60,0.562,357.09,,,1171.58,1528.67,lb/ft
60,1500,60,0.625,396.7,,,1166.58,1563.28,lb/ft
60,1500,60,0.688,436.22,,,1161.58,1597.8,lb/ft
60,1500,60,0.75,475.04,,,1156.67,1631.71,lb/ft
60,1500,60,0.812,513.77,,,1151.77,1665.54,lb/ft
60,1500,60,0.875,553.04,,,1146.8,1699.84,lb/ft
60,1500,60,0.938,592.23,,,1141.85,1734.08,lb/ft
60,1500,60,1,630.71,,,1136.98,1767.69,lb/ft
60,1500,60,1.062,669.11,,,1132.12,1801.23,lb/ft
60,1500,60,1.125,708.05,,,1127.2,1835.25,lb/ft
60,1500,60,1.188,746.9,,,1122.29,1869.19,lb/ft
60,1500,60,1.25,785.05,,,1117.46,1902.51,lb/ft
64,1600,64,0.375,255.06,,,1352.13,1607.19,lb/ft
64,1600,64,0.406,276.01,,,1349.48,1625.49,lb/ft
64,1600,64,0.438,297.61,,,1346.75,1644.36,lb/ft
64,1600,64,0.469,318.52,,,1344.1,1662.62,lb/ft
64,1600,64,0.5,339.41,,,1341.46,1680.87,lb/ft
64,1600,64,0.562,381.12,,,1336.19,1717.31,lb/ft
64,1600,64,0.625,423.42,,,1330.84,1754.26,lb/ft
64,1600,64,0.688,465.64,,,1325.5,1791.14,lb/ft
64,1600,64,0.75,507.11,,,1320.25,1827.36,lb/ft
64,1600,64,0.812,548.49,,,1315.02,1863.51,lb/ft
64,1600,64,0.875,590.46,,,1309.71,1900.17,lb/ft
64,1600,64,0.938,632.34,,,1304.42,1936.76,lb/ft
64,1600,64,1,673.47,,,1299.21,1972.68,lb/ft
64,1600,64,1.062,714.52,,,1294.02,2008.54,lb/ft
64,1600,64,1.125,756.15,,,1288.76,2044.91,lb/ft
64,1600,64,1.188,797.69,,,1283.5,2081.19,lb/ft
64,1600,64,1.25,838.5,,,1278.34,2116.84,lb/ft
68,1700,68,0.469,338.57,,,1520.02,1858.59,lb/ft
68,1700,68,0.5,360.79,,,1517.21,1878,lb/ft
68,1700,68,0.562,405.15,,,1511.6,1916.75,lb/ft
68,1700,68,0.625,450.15,,,1505.91,1956.06,lb/ft
68,1700,68,0.688,495.06,,,1500.23,1995.29,lb/ft
68,1700,68,0.75,539.18,,,1494.65,2033.83,lb/ft
68,1700,68,0.812,583.21,,,1489.09,2072.3,lb/ft
68,1700,68,0.875,627.87,,,1483.44,2111.31,lb/ft
68,1700,68,0.938,672.45,,,1477.8,2150.25,lb/ft
68,1700,68,1,716.23,,,1472.26,2188.49,lb/ft
68,1700,68,1.062,759.93,,,1466.74,2226.67,lb/ft
68,1700,68,1.125,804.26,,,1461.13,2265.39,lb/ft
68,1700,68,1.188,848.49,,,1455.54,2304.03,lb/ft
68,1700,68,1.25,891.95,,,1450.04,2341.99,lb/ft
72,1800,72,0.5,382.17,,,1703.78,2085.95,lb/ft
72,1800,72,0.562,429.18,,,1697.84,2127.02,lb/ft
72,1800,72,0.625,476.87,,,1691.81,2168.68,lb/ft
72,1800,72,0.688,524.48,,,1685.79,2210.27,lb/ft
72,1800,72,0.75,571.25,,,1679.87,2251.12,lb/ft
72,1800,72,0.812,617.93,,,1673.97,2291.9,lb/ft
72,1800,72,0.875,665.29,,,1667.98,2333.27,lb/ft
72,1800,72,0.938,712.55,,,1662,2374.55,lb/ft
72,1800,72,1,758.99,,,1656.13,2415.12,lb/ft
72,1800,72,1.062,805.34,,,1650.26,2455.6,lb/ft
72,1800,72,1.125,852.36,,,1644.32,2496.68,lb/ft
72,1800,72,1.188,899.29,,,1638.38,2537.67,lb/ft
72,1800,72,1.25,945.4,,,1632.55,2577.95,lb/ft
76,1900,76,0.5,403.55,,,1901.17,2304.72,lb/ft
76,1900,76,0.562,453.21,,,1894.89,2348.1,lb/ft
76,1900,76,0.625,503.6,,,1888.51,2392.11,lb/ft
76,1900,76,0.688,553.9,,,1882.15,2436.05,lb/ft
76,1900,76,0.75,603.32,,,1875.9,2479.22,lb/ft
76,1900,76,0.812,652.65,,,1869.66,2522.31,lb/ft
76,1900,76,0.875,702.7,,,1863.33,2566.03,lb/ft
76,1900,76,0.938,752.66,,,1857.01,2609.67,lb/ft
76,1900,76,1,801.75,,,1850.81,2652.56,lb/ft
76,1900,76,1.062,850.75,,,1844.61,2695.36,lb/ft
76,1900,76,1.125,900.47,,,1838.32,2738.79,lb/ft
76,1900,76,1.188,950.09,,,1832.05,2782.14,lb/ft
76,1900,76,1.25,998.85,,,1825.88,2824.73,lb/ft
80,2000,80,0.562,477.25,,,2102.75,2580,lb/ft
80,2000,80,0.625,530.32,,,2096.04,2626.36,lb/ft
80,2000,80,0.688,583.32,,,2089.34,2672.66,lb/ft
80,2000,80,0.75,635.39,,,2082.75,2718.14,lb/ft
80,2000,80,0.812,687.37,,,2076.18,2763.55,lb/ft
80,2000,80,0.875,740.12,,,2069.51,2809.63,lb/ft
80,2000,80,0.938,792.77,,,2062.85,2855.62,lb/ft
80,2000,80,1,844.51,,,2056.3,2900.81,lb/ft
80,2000,80,1.062,896.17,,,2049.77,2945.94,lb/ft
80,2000,80,1.125,948.57,,,2043.14,2991.71,lb/ft
80,2000,80,1.188,1000.89,,,2036.53,3037.42,lb/ft
80,2000,80,1.25,1052.3,,,2030.02,3082.32,lb/ft
